value	gene_132	gene_1475	gene_6915	gene_117	gene_3068	gene_2046	gene_452	gene_6962	gene_2773	gene_5886	gene_121	gene_4016	gene_4373	gene_1194	gene_1933	gene_4843	gene_3400	gene_4643	gene_6708	gene_6086	gene_6341	gene_4213	gene_4582	gene_4585	gene_5718	gene_79	gene_6660	gene_4803	gene_1621	gene_2065	gene_5055	gene_119	gene_6256	gene_1235	gene_5764	gene_6825	gene_185	gene_5691	gene_2756	gene_941	gene_3471	gene_2028	gene_2158	gene_1384	gene_3406	gene_3018	gene_4575	gene_4172	gene_3672	gene_1188	gene_6557	gene_5907	gene_6651	gene_221	gene_6016	gene_1930	gene_1675	gene_1284	gene_3416	gene_4720	gene_1449	gene_4760	gene_6903	gene_5141	gene_92	gene_2	gene_2480	gene_4417	gene_5327	gene_3751	gene_860	gene_1872	gene_4276	gene_858	gene_1060	gene_3214	gene_2378	gene_3607	gene_130	gene_4413	gene_803	gene_4099	gene_2923	gene_6775	gene_6040	gene_3191	gene_1746	gene_3148	gene_5232	gene_5696	gene_6211	gene_5360	gene_6221	gene_226	gene_2564	gene_123	gene_3603	gene_195	gene_2600	gene_1866	.cluster
1	-0.8673053265176918	-0.0516481557659928	-0.8673053265176918	1.4261957989409564	1.0542202630696031	-0.00658844266881996	-0.8190940838129047	1.5260024605638824	0.28383053028960403	2.7830070510119747	1.4395411244659395	0.9927790969962292	0.4288297874069967	-0.8673053265176918	-0.8673053265176918	-0.8673053265176918	-0.8673053265176918	-0.8673053265176918	0.3433808457229279	0.983995657344045	0.24592807543152664	1.9141915676087	0.4758342769142842	0.5536540226655765	-0.8673053265176918	-0.8673053265176918	0.46101491517286586	0.6026776564601329	0.13297908810698791	-0.16744048165572828	-0.8673053265176918	1.5942025146468606	0.02777188200238936	0.1832847012746776	1.8485384341815545	-0.4380593651061625	-0.39956906493385647	0.5015417349579782	0.2039418913050135	1.8097522881002177	1.7262584873854154	-0.8673053265176918	-0.7516673792542047	-0.4429990349719852	1.9661725036314917	1.9848202527543823	1.0040599211242998	-0.8113250854651435	0.06613468510302403	-0.8673053265176918	0.33180873757672064	0.8280067668808306	0.4322772600820508	-0.8673053265176918	1.2388475069425846	-0.1429492825152842	0.5431900246318973	0.12553622911726903	0.38629919618228914	1.1705632740698118	0.552167243748036	0.4288297874069967	0.05535417760693614	-0.689323839217314	-0.8673053265176918	-0.7884464228806672	0.28176977643482864	-0.8673053265176918	0.48395399119572213	0.20620561978955057	-0.4940888571629204	-0.323278375190098	-0.2938007246979003	0.8786687106874941	2.0958297574639455	-0.8673053265176918	-0.4090250792284704	0.552167243748036	0.43055531930450813	-0.8673053265176918	0.36418494675127294	0.18095729539410457	0.9386228732554492	1.0654993972608071	-0.4479683727025224	0.0794157446568711	0.7367944876210176	-0.1603687100158022	-0.7809586591532116	0.5109797716488679	1.7563102165790527	-0.23396317015564325	0.4148944307124679	1.8252300690452372	0.578528872516189	2.8904601816239732	-0.8673053265176918	1.3180013285100078	0.3899281153548043	-0.8673053265176918	1
1	-0.8303318736091496	0.1326017536132078	-0.509203025212379	0.45455013014219375	0.9812020580962963	0.3606276436266449	-0.8303318736091496	1.4816857638253127	-0.6674494962761692	2.7363303310387725	0.6876320275773471	1.0847275876832574	1.3278502282749598	-0.8303318736091496	-0.8303318736091496	-0.17339769846478462	-0.8303318736091496	-0.560593148125523	0.22795560309738816	0.9388561781378923	0.2097522250776412	1.8929712786251391	0.4863482958650288	1.8138096538149888	-0.8303318736091496	-0.13746569639974032	-0.02896704323747808	0.2120498936243707	2.27400801481788	-0.14098879129255298	-0.7448486752876228	0.6914746537009807	-0.1064217086706168	0.23467891006219316	2.16126465254056	-0.8303318736091496	-0.7522615611723434	-0.8303318736091496	0.3548659436701676	2.0509149745464494	1.9648822722586028	-0.8303318736091496	-0.07325449360034929	-0.17339769846478462	1.2930399635731122	1.9803933009987809	0.910011003968452	-0.8303318736091496	0.1476318688822529	-0.8303318736091496	0.06956155644544673	1.5458254609059612	0.1981662002357023	-0.8303318736091496	1.5503162523069356	-0.42511712906927696	0.6746915009410445	0.38513703916544617	-0.08306441084884836	0.5042088672916691	0.5749459320043172	-0.07001045648961708	0.21890448006695	-0.8303318736091496	-0.602918637550841	-0.8303318736091496	0.00717639193939672	-0.7672916764413885	0.5232589886868004	0.5216882915615655	-0.5431024131133572	-0.6345487564676348	-0.49820798361947377	0.95753699461251085	1.3243170022367778	-0.8303318736091496	0.6053139011274495	0.15258123922639544	0.1887779221069369	-0.8303318736091496	0.4285441903572729	0.02466712695156332	0.7957251431623087	0.7104219510605632	-0.8303318736091496	0.42501350256404957	0.4928881972707757	-0.8303318736091496	-0.22650729719829313	0.95753699461251085	1.145656654043696	-0.602918637550841	0.3625392391262498	2.0965317891906974	0.2886587992510133	2.3457432740238104	-0.8303318736091496	1.6861881409415225	0.04179217507562046	-0.8303318736091496	1
1	0.01209523263605388	-0.3826604593141245	-0.8490007816450141	1.504839129121196	0.9244110896435032	-0.7564410114195715	-0.4252825131165192	1.530955337829924	0.04827690873409688	3.1119170879737266	1.4296452675754006	1.0868658128914324	0.6358904294896904	-0.8490007816450141	-0.4651312625531737	0.35736008075106895	-0.8490007816450141	-0.8490007816450141	0.23052658171831508	0.9446466086350755	0.6619864944746757	1.7527371585679703	0.6658299714544789	0.8645288225264179	-0.8490007816450141	-0.8490007816450141	0.5433306592642463	0.4304431167790503	0.31133453263346933	0.16949707054389454	-0.4910616103110583	1.641454403792618	0.4149513221690188	-0.8490007816450141	1.9151571566554972	-0.33777348575493005	-0.1939761312607122	-0.7138189576171761	0.23052658171831508	2.0603661461978713	1.9697693762417396	-0.33777348575493005	-0.2707215036413367	-0.8490007816450141	1.8693201726470068	2.4996184645018085	0.9802011822301024	-0.8490007816450141	0.3830573080989339	-0.8490007816450141	0.07505758176500112	1.8185785807158743	0.3757973727325473	-0.3780591099551237	0.8584937900107025	-0.4204353929494158	0.8031536755656451	0.2667372968503685	0.5580470457167663	0.9802011822301024	0.2667372968503685	0.27914367237656534	0.6658299714544789	-0.8490007816450141	-0.8014103879804956	-0.8490007816450141	-0.03174735043601383	-0.8490007816450141	0.402695655001319	0.5551249053868861	-0.8490007816450141	-0.8490007816450141	-0.6933140140991658	0.6358904294896904	2.2372211103126873	-0.8490007816450141	0.26046271527807424	0.7214117767488798	0.7712070768624234	-0.8490007816450141	0.04281376227121172	0.2129143121716979	1.2332263136750037	0.7484235255631787	-0.32048739392836867	0.4270258007016687	0.9819389219302518	-0.8490007816450141	-0.22381460401072276	1.137188012582818	1.0258692021722502	0.06977123741363106	0.7356162626199539	1.9375498875276536	-0.08445837122480349	3.0326590188255125	-0.8490007816450141	1.3243034910807796	-0.2952254620773055	-0.8490007816450141	2
1	-0.820341545018315	-0.4446921561838634	-0.8040791034625469	0.05119037765775085	1.1910715707143025	0.1297199073541699	-0.820341545018315	1.0836378790767431	-0.5738877122845617	2.4970325804956603	-0.820341545018315	0.4275229084409629	1.2505621606720223	-0.820341545018315	-0.820341545018315	-0.820341545018315	-0.820341545018315	-0.7495701404178106	0.29732841478593885	1.0836378790767431	0.11670495250938018	1.6548869382550044	0.26730634977666534	0.6713769718032421	-0.820341545018315	-0.820341545018315	-0.13991286716832135	0.04834383594413543	-0.06785934897804359	-0.07115084221057628	-0.820341545018315	-0.820341545018315	-0.820341545018315	0.4130196359176515	2.024785313997297	-0.820341545018315	-0.820341545018315	-0.509559529762121	0.579642699632121	2.1061807779679818	1.3469221691996365	-0.820341545018315	-0.2719023920563875	0.18947181446003863	0.9400307626373284	1.943837388398614	0.7847004501010085	-0.820341545018315	-0.1435068617979693	-0.820341545018315	0.1297199073541699	2.551162093621652	0.396391310434175	-0.820341545018315	1.2058308517610428	-0.28463484031387337	-0.820341545018315	-0.05159690742227455	0.2585230953336187	1.0224053078678936	0.5691236441296444	0.1450703816178258	0.25631252478713445	0.09813037963778833	-0.820341545018315	-0.820341545018315	0.06247889165129484	-0.820341545018315	0.3982556164837558	-0.29323414885803134	-0.39429435346522634	-0.820341545018315	-0.4140839004950381	0.2361449678716365	0.6660182156785308	-0.820341545018315	0.2247229970707529	-0.20325876890383887	-0.820341545018315	-0.820341545018315	0.2585230953336187	0.37941932140328827	0.8686622354847042	0.7753416426937616	-0.4499063099678103	0.7502549564595251	0.00140383396409795	-0.3797589923822868	-0.3991972125780125	1.0258814039029849	1.1946098203158952	0.13229832850575304	0.11407702558799213	2.1494669050585435	0.37176214273829206	1.795696574920136	-0.820341545018315	1.8737207755603984	0.00140383396409795	-0.820341545018315	1
1	-0.8278242189282148	0.04256930823506877	-0.6388920151013564	1.2130516742531572	0.8408590205892369	0.06206750915041118	0.12813680483147852	1.3783219799566482	-0.26118128167835175	2.9053695521623473	1.0355009354839388	0.6571125620073134	0.46969430823593983	-0.8278242189282148	-0.2058708131706566	0.29724557681061337	-0.8278242189282148	-0.45388262879177194	-0.04043599920605584	0.7111175778163116	0.5040684451572562	1.5054385947493776	0.4646635664796361	0.6162293954846793	-0.4334442403598895	-0.48017084102303736	-0.12587439418523624	-0.803660106321992	1.591193262396208	0.13571793757558337	0.36648222614598774	0.7320013284171477	0.2826656981554315	1.4954892676148512	1.7884021157212613	-0.6196559992285199	-0.7725137504205205	-0.6454059376579873	0.38708451355130213	1.992516296438554	1.922375409190201	-0.3750270406953609	0.17500443766189197	-0.8278242189282148	1.1849657857493232	1.945514862034197	0.9216647940876876	-0.8278242189282148	0.32962576817773565	-0.8278242189282148	0.2548789489117021	2.568192396930658	-0.632429586542129	-0.8278242189282148	1.0211511811408094	-0.31612396110239843	0.8822599154100667	-0.8278242189282148	0.04818783863698905	0.35116575084116075	-0.2370171690721282	0.0537680169967013	-0.1121346933589176	-0.31176398833816177	-0.8278242189282148	-0.8278242189282148	0.526206938043808	-0.6719934177684762	0.6781087197754891	0.00802221183875397	-0.10873554935338373	-0.8278242189282148	-0.8278242189282148	0.7722334126542885	1.9008875866307449	-0.8278242189282148	0.42149128861355295	-0.04670034369464415	0.7307875301904062	-0.8278242189282148	-0.8278242189282148	0.5401286304013594	0.385232886586363	0.4612924567312515	-0.30311318850585073	1.0602253891815965	0.28894608465690347	-0.5018275500314207	0.0197008812514999	1.1413080863384817	0.8982505075024824	0.1629289898087096	0.5613240794809866	2.2089911206680832	0.10756985955776203	2.691270848468781	-0.8278242189282148	0.9702060302473856	-0.7879386034207898	-0.8278242189282148	1
1	-0.7877427294795467	0.00665844381284639	-0.07686179117972289	1.278592490961839	0.6911683801030394	-0.4424251711545909	-0.7877427294795467	1.2836754519704152	-0.7877427294795467	2.9831139184990607	0.6140392196545409	0.7420941800632181	-0.48045220380667153	-0.7877427294795467	-0.7877427294795467	-0.7877427294795467	-0.7877427294795467	-0.7877427294795467	0.1743071761585913	0.2876859534287203	0.8275235440283767	0.5027168444477567	-0.7404283545470092	0.619798111663098	-0.42665767826180534	-0.7877427294795467	-0.7877427294795467	-0.4694044093088046	1.55062353387291	0.06835902836289556	-0.3713297552826641	0.4226691751307942	0.7258910256901114	1.5928206322560972	1.8754420836448615	-0.7877427294795467	-0.22490696268146484	-0.2330678391090568	0.4601940208527748	1.2380820608865764	1.4920244993198166	0.6212314754414646	-0.7877427294795467	-0.7877427294795467	0.7628064902430834	2.139702171115037	0.7876837207693943	-0.7877427294795467	0.0217799305192026	-0.7877427294795467	0.22251126064770596	2.472536976793753	-0.2580544373194979	-0.3473752048892616	0.6326081991202707	-0.27514981336936245	0.6466085523175676	-0.7877427294795467	-0.4585049118380315	1.3346147281086322	0.8418371415110825	0.17925841326513536	-0.3195324645515586	0.29627863011620637	-0.7877427294795467	-0.7877427294795467	-0.4010404001209454	-0.771662988796107	-0.00874999518525509	-0.32870770759400625	-0.07686179117972289	-0.29703794104276715	-0.10789743011607508	-0.1185119651801353	1.3061630532024466	-0.7877427294795467	-0.7877427294795467	-0.7877427294795467	0.552528723447144	-0.7877427294795467	0.4893502813958519	-0.09050917746444298	-0.01186708296546452	0.5010580075693141	-0.48045220380667153	0.8494412139202011	-0.7877427294795467	-0.5623056567505729	-0.550094894772649	0.859114396914289	1.1563910080171362	-0.6000799266396495	-0.09050917746444298	1.9377759986370071	0.16179536667713745	2.670231493031233	-0.5087477625259291	1.0647236164116147	-0.20485655213182807	-0.7877427294795467	1
0	0.9328714922946244	-0.8876812645202893	1.1713818278611507	2.459064949850509	0.4350921957584958	0.93093863805295	0.081459535980999	0.8606248013740617	-0.32177386286068416	2.8873666085979326	2.0795678007038383	0.1246489194936367	-0.8876812645202893	-0.8876812645202893	0.20244645007851655	-0.8876812645202893	-0.8876812645202893	-0.08806616592577915	-0.5380801935941674	0.5447106193516242	0.4670632067616051	0.3625627767957133	-0.8876812645202893	-0.8876812645202893	-0.8876812645202893	-0.2746378759948781	-0.8876812645202893	-0.8876812645202893	-0.8876812645202893	-0.8876812645202893	0.5692404485320025	2.0434485225552628	-0.8876812645202893	0.6478201678701986	1.860838819492664	-0.35373313130805245	-0.8876812645202893	-0.8876812645202893	0.559737924832534	0.9086745684504104	1.2383178181023782	-0.8876812645202893	-0.23339173608480687	0.07740597650971875	0.9238082221921616	1.8828702880481365	-0.8876812645202893	-0.8876812645202893	-0.127155351416481	-0.7397707616089559	0.4475518894693589	1.4671961828835105	0.07740597650971875	1.0343641312791367	0.4287831984605352	-0.8876812645202893	0.5501124319239185	-0.8876812645202893	-0.8876812645202893	-0.8876812645202893	0.3429133917297247	-0.8876812645202893	-0.4629716483761994	-0.8876812645202893	-0.20910137125044595	0.7274162062617876	0.352802966194173	-0.8876812645202893	1.2344671124077558	-0.8876812645202893	-0.8876812645202893	-0.09060916437577692	-0.8876812645202893	0.8183173927319035	1.5977752486704808	1.287043062197612	-0.8876812645202893	-0.8876812645202893	1.303643488448865	-0.8876812645202893	1.1060234740753176	-0.8876812645202893	-0.8876812645202893	1.0104044635714815	0.13412454218508707	2.1239406352219095	-0.8876812645202893	0.29291414908355584	-0.8876812645202893	0.5909520007091869	1.3383884216869508	-0.8876812645202893	-0.8876812645202893	2.8873666085979326	-0.6374043582579729	2.8873666085979326	-0.519713178387473	0.212682753672339	0.5000229293788674	-0.8876812645202893	2
0	0.1572499674365965	-0.944362204504242	1.2432284395355724	2.2611662801317025	-0.944362204504242	0.8754541097709665	-0.944362204504242	0.0575618541253284	-0.2506252598652818	2.364071962779557	2.0221613221261556	0.8104029849393811	-0.944362204504242	-0.5353448181139651	0.7957170770557733	-0.5125276832041529	-0.944362204504242	0.5223623373695144	-0.6906215496192326	0.8810311618112276	0.30592265260361085	-0.944362204504242	-0.944362204504242	-0.944362204504242	-0.944362204504242	0.9179098159747452	-0.944362204504242	-0.944362204504242	-0.944362204504242	-0.944362204504242	0.4678605829475437	1.9534344120522984	-0.944362204504242	1.2974712769379655	1.7353945085716178	0.568169912136828	-0.944362204504242	-0.944362204504242	-0.04723642786726005	0.7888329951727842	1.331594219601313	0.758791196072017	-0.944362204504242	-0.944362204504242	1.362606864703829	1.2075196806465172	-0.944362204504242	0.800268918427044	-0.944362204504242	-0.944362204504242	0.4894672947353419	1.6503762198964442	0.1486234899970457	1.1399008422265786	-0.944362204504242	0.1572499674365965	1.0176795461846224	-0.944362204504242	0.31281241451491176	-0.944362204504242	-0.944362204504242	-0.944362204504242	-0.02460483095838262	-0.944362204504242	-0.1503626717236765	0.6466914802409195	-0.944362204504242	-0.4796462780702187	-0.944362204504242	-0.7780398399949543	-0.944362204504242	-0.944362204504242	-0.944362204504242	0.5529636197505984	0.186627326190687	0.9330687058229108	-0.944362204504242	0.5095625846721971	1.2384106945040327	-0.944362204504242	0.7888329951727842	0.0976108953943038	-0.944362204504242	-0.944362204504242	0.7911352644966589	2.159194633477753	-0.944362204504242	0.5586046719269675	-0.944362204504242	-0.944362204504242	0.9827941596778412	-0.944362204504242	-0.944362204504242	2.561781712605514	-0.944362204504242	2.5872496086507706	-0.944362204504242	-0.944362204504242	-0.944362204504242	-0.944362204504242	2
0	0.5287222149931619	-0.25159296737637143	1.2585479994099624	0.6664059942844524	0.9924759899047094	0.5570059475175663	-0.18370864038094176	0.7409800065395198	-0.5244422872028096	2.7139582021748088	-0.300196203825136	-0.08176186269691306	-0.850606784211732	-0.28367213043994477	-0.850606784211732	-0.850606784211732	-0.1482955848746693	-0.850606784211732	0.680366072424172	0.8093191780626625	-0.16227735805327653	1.1046946824189203	0.1993555352923662	0.8050086868554662	-0.18733575858007656	0.05879683629772658	-0.1110342683817318	-0.6235279517807125	0.03421660813970843	-0.5812647005849536	0.2477408879886743	-0.10443815349143608	-0.850606784211732	1.6606960087949625	1.81234570531856	-0.3213321037684044	-0.850606784211732	0.15752127938254057	0.3386014665216325	1.4516649826190495	0.6586897690037402	-0.3128120911704624	-0.850606784211732	-0.850606784211732	0.5843442223191916	1.7902947299579226	0.21728313110651737	-0.850606784211732	0.1159442126825582	-0.850606784211732	-0.01433004681316647	2.602869014631334	-0.6112282641584659	-0.850606784211732	1.2086519389487544	-0.850606784211732	0.3704600982900643	-0.850606784211732	0.1993555352923662	0.5686283642304991	0.5025590533452075	0.565738206405224	0.1159442126825582	0.09304621859950092	-0.850606784211732	-0.850606784211732	0.11844931054744896	-0.850606784211732	0.9715919494902996	0.4357867370705775	-0.850606784211732	0.1430871316066602	-0.5523601446088329	0.9474418375782224	0.8968910317986605	0.7027080512794007	-0.850606784211732	0.13086098746452382	0.2709008701946984	-0.850606784211732	0.8199970557405568	-0.850606784211732	0.33092146818427726	1.16182367809848	-0.6680945911973543	1.1128925204754876	0.5056808655835598	-0.736293560940848	-0.4560237727489655	0.4575544078212814	0.671509997203012	-0.7726512715821621	-0.850606784211732	2.290086013806007	0.21283793639602375	2.21095165925478	-0.4118014456141933	0.4169043623857742	0.06682878771839991	-0.850606784211732	1
0	0.45177832623086567	-0.32810952078296945	0.13281336808646307	2.008801566285537	0.9930756532998706	0.22157739507873023	-0.4796061796149935	1.314808972591048	-0.8553514327416996	2.4187537287397527	1.858030023907264	0.8213805028314433	-0.1892241304475968	0.02206800012355976	-0.5222877815946486	-0.8553514327416996	0.9169455433231104	0.03606213816698619	-0.2498183044925606	0.48135321789174634	0.285451739380287	0.8403618976497165	0.00495413036408231	0.7419149674904045	-0.5444901070997484	-0.8231341255993592	-0.6987690001608817	-0.8553514327416996	1.26350911595353	-0.46927351462108585	0.3523039857037762	1.647482485504209	-0.8553514327416996	1.943972728989831	1.770139786050114	0.07666856183408943	-0.8553514327416996	0.26260375217633153	0.08193419548064065	1.4424362585619126	1.0627446586033098	-0.372522284701609	-0.5731144679517058	-0.7055859358486608	0.986994131865192	1.764406068411	0.8382743843635714	-0.46927351462108585	-0.04250663718536977	-0.621095172878127	0.22157739507873023	1.919961298220615	-0.8553514327416996	-0.29009284285296866	0.3096727384127926	-0.8553514327416996	-0.15700682330525642	-0.8553514327416996	0.44337051448553255	0.3036841138126599	0.4399831445883717	0.09753155084713412	-0.4953530395132731	-0.646179138278659	-0.8074872518293779	-0.8553514327416996	-0.38170043645414553	-0.8553514327416996	0.5509425436426242	-0.8553514327416996	-0.8390848410728301	-0.8553514327416996	-0.8553514327416996	0.3016781640099079	1.6301303349568046	0.5757700559312343	0.4666988662615652	-0.6853025340435547	0.6040494764221416	-0.8553514327416996	1.0885756475836392	-0.8553514327416996	0.11283825528329187	0.7831672855929287	-0.8553514327416996	0.5222761182660761	-0.4744236006823261	-0.09613186442214058	-0.8553514327416996	0.8213805028314433	0.7775601919035172	-0.8553514327416996	-0.13963966401435268	2.081176050853347	-0.44899011281597895	3.0045220522658296	-0.7263828956798823	0.6630359615248147	-0.8553514327416996	0.5283948507362867	2
0	1.359606937502316	-0.8998455506584669	1.277883615962624	2.791536407660985	-0.10196493000704576	0.5383605464813612	0.6228312973310886	0.8183471230049026	-0.8861341124744686	1.955727841323748	2.421777908637184	0.413503633616828	-0.9648328688021116	-0.8929586687777082	-0.5428219444552905	-0.9648328688021116	0.0073882038102257	0.21807345324101865	-0.9648328688021116	1.1231661459274729	-0.9648328688021116	1.0738029224851222	-0.9648328688021116	0.7037527477349924	-0.9648328688021116	0.5995113091041531	-0.9648328688021116	-0.9648328688021116	-0.9648328688021116	-0.9648328688021116	0.6409815916434165	2.1154212738449822	-0.9648328688021116	1.2851697434142122	1.7816672548948238	0.6319610495787048	-0.8148777808375639	1.0626081263847242	-0.5009162570940136	0.9757708659711462	0.47962463189742033	0.10287378832043471	-0.9648328688021116	0.514352302285872	-0.2500969929511412	1.3973708096959052	0.42553113458239583	-0.03534891508484051	-0.5558616063734769	-0.4535221297508163	0.44205373065502074	1.86712230396714	-0.8594372245729791	0.8703752217420127	0.21964287800052257	-0.513245278163546	-0.9648328688021116	-0.9648328688021116	0.511163678825817	-0.08299265074655787	-0.9648328688021116	1.055396653022057	-0.9648328688021116	-0.9648328688021116	0.11377674920288576	0.604233355370786	0.7407815123822132	-0.9648328688021116	0.37495054281271417	-0.6246729891482404	-0.9648328688021116	0.8140825970797398	-0.5257792230684201	-0.47684692698936726	1.0697512897716892	-0.9648328688021116	0.08995117522563444	-0.9648328688021116	1.5208643965586794	1.020980683463783	0.9021113844174088	-0.9648328688021116	1.1569343802483203	-0.9648328688021116	-0.9648328688021116	0.9705760693682564	-0.9648328688021116	0.9258352914724404	-0.9648328688021116	0.08058324948027829	-0.03315354723228155	1.1381551278282047	0.800416931584999	1.9782863386760192	0.2827724485653399	2.86239795484785	0.8670604545378031	-0.10437038124839654	-0.4346211823304688	0.7095061906549761	2
0	0.24814900295394027	-0.2599072367085851	-0.3889045253985725	0.5197481386309158	0.7464035952620541	0.504991613878709	-0.2103533651061725	1.426872483836414	-0.2143688920264538	2.4810886323706645	0.35647691363068484	0.5469079624031711	0.44132924989642086	-0.7397711150579047	-0.6117477982143859	0.05960326487406799	-0.7792485548928209	-0.7792485548928209	0.00929397634277348	0.839108826419407	0.20616758105276184	1.1340297559145744	-0.11594254790194572	0.26167233190363637	0.28805924676481026	-0.7792485548928209	-0.7792485548928209	0.42505575582601773	0.11236093036930844	-0.20238160590663315	-0.7792485548928209	0.5390139777039786	-0.7792485548928209	1.7158913319563915	2.356409117034259	-0.592249818266469	-0.7792485548928209	0.05094941752981196	-0.2143688920264538	1.7563561142124833	1.5499340013892138	-0.7792485548928209	-0.5304543780111077	0.6891751692148473	1.1014430561729156	1.8796727351774671	0.7729743325001018	-0.7792485548928209	-0.16744983540811784	-0.7792485548928209	0.6596515054499128	1.4585459200342537	-0.18666990808428227	-0.7792485548928209	0.7812488956234002	-0.7792485548928209	-0.1561331892054741	-0.7792485548928209	0.12304263023642698	0.4359410367739512	-0.0675187914690712	-0.05419952752375293	-0.5424416641309292	-0.4091337543919695	-0.6661633918225321	0.30940948318072115	-0.7792485548928209	-0.7792485548928209	-0.03140570996889608	-0.5424416641309292	-0.4511757827883463	-0.5186420950310957	-0.5732106571648425	0.6001091781806692	1.5639120238118205	0.11771940699830204	-0.7397711150579047	-0.10180896559502564	0.20377016592473984	-0.7792485548928209	0.20616758105276184	-0.592249818266469	0.11236093036930844	0.43232885660622056	-0.25143462511685183	0.8607156380423953	-0.25143462511685183	-0.26417704616199367	-0.5127999973497542	0.864968615054988	1.1631569928257146	-0.23475100283679343	0.1335851508970346	2.0799527027475926	0.44132924989642086	2.3965258039999986	-0.13761688887406442	1.1256211803336176	-0.5245266810687762	-0.7792485548928209	1
1	-0.8872922752704011	0.516713838447393	0.16307826166703854	0.4721016546743928	1.218803514291052	0.38374594527108025	-0.8872922752704011	0.19467172305036565	0.2965813743277272	2.543674842839714	-0.6775725911511322	0.5374154660416233	0.16077452400211847	-0.7167983701796107	-0.8872922752704011	0.3587327440287463	-0.8872922752704011	-0.8872922752704011	-0.08465891320964444	0.8170286844551023	0.4299404267031331	1.0350256812444822	-0.8872922752704011	0.6259393262199748	-0.8872922752704011	-0.8872922752704011	-0.610178560074988	0.4011585532356638	0.9633643573147774	-0.8872922752704011	-0.08155689192207768	0.5504540340591092	-0.46988455649667615	1.7624089616162717	2.470629936966543	-0.8872922752704011	-0.8872922752704011	-0.6839818505650026	0.09350566743464404	1.3435679604032718	1.43635496837105	0.2827724286809479	-0.5002040175184327	0.0202497918389654	1.1426025927679255	1.5054385572442828	0.6233122564383974	-0.8872922752704011	-0.3415119515257957	-0.8872922752704011	0.5417846310801362	2.7777895596869606	-0.1906472844439536	-0.8872922752704011	0.38374594527108025	-0.11633919119329542	0.4045973293305295	-0.8872922752704011	0.7176812013215031	0.8934423913245113	0.17222930779445383	0.1857680073786396	0.05244616563985981	-0.8872922752704011	-0.8872922752704011	-0.8872922752704011	-0.1977472049504152	-0.8872922752704011	0.04451430004651183	0.495478408832743	-0.6043167155554536	0.2503116486693918	-0.6969519718192488	0.3569166778503125	1.3899719155178625	0.34409083522198164	-0.5699956796276897	0.29265953035393555	0.2847593673484314	-0.8872922752704011	1.0624941621919992	-0.07232032021453622	-0.4217079184442836	0.2356975776533539	-0.2530421732122697	1.1795777352625736	0.5122092565074802	-0.01325661921703475	-0.3288735601178221	0.8436312799753093	1.075512523931145	0.3140021674420899	0.8222117454772072	2.243600200911784	0.02841765063447773	2.004520373351045	0.45775033103207424	0.5547547523343833	-0.8872922752704011	-0.8872922752704011	1
1	-0.8169164792672854	0.09253434279451866	-0.5572758046815635	0.9552239825489204	1.5153305908514711	-0.03740328226753293	-0.4132272685350449	1.5095036708711616	-0.02222150666506833	2.623879901138998	0.8008792238492699	0.7877711552299351	0.7482748082290287	-0.8169164792672854	-0.8169164792672854	-0.1740232330733343	-0.8169164792672854	-0.8088952343983851	0.375612909683471	0.740137898181916	0.5121141566185977	1.1808453033066362	-0.10782432554197773	0.9223534895255692	-0.8169164792672854	-0.8169164792672854	-0.13850522143388827	0.42026044651261146	1.158908481429592	-0.5749936268669313	-0.8169164792672854	0.42718004657984	-0.8169164792672854	1.5524255892659784	2.057400026399361	-0.15606862767047142	-0.8169164792672854	-0.5285849309812722	0.02168018236467522	1.9376814804095863	0.7482748082290287	-0.8169164792672854	0.27189477484345426	-0.8169164792672854	1.38102886336671	2.2886815498515705	1.401860215218073	-0.8169164792672854	-0.29105858282263714	-0.5173885224099072	-0.6435090744828397	3.249979267659392	0.5732929332992183	-0.8088952343983851	1.2612355400690818	0.29047474231969883	0.4592605953737331	-0.8169164792672854	0.4357468483315302	0.7176288080544353	0.8713826588060227	0.5410434945886856	-0.7474461858682381	0.41152657496733097	-0.8169164792672854	-0.8009530178573924	0.07138877741483142	-0.8169164792672854	0.6368222125582779	-0.34308492135954344	-0.7255590009148374	-0.8169164792672854	-0.7183933674386587	0.2802054511112098	2.0243592570488933	-0.8169164792672854	-0.683490580173243	-0.8169164792672854	0.312616990859523	-0.8169164792672854	0.5058891955070317	-0.0252350745042177	0.4150314868284729	0.6969421124638732	-0.8169164792672854	0.8105722679862816	0.437449337788329	-0.8169164792672854	-0.697270889380388	0.8482193481180778	0.926999775922204	0.33416727307048627	0.3475870816906769	2.028859471675706	0.3901709298527484	2.31444617712237	-0.6242381538155227	0.4289007056283429	0.21568074658695632	-0.8169164792672854	1
1	-0.8258433671892121	0.0645444972863819	0.2388849483236933	0.37678655924128224	0.6748149766072301	0.03426890384036655	-0.8258433671892121	1.784565235209844	-0.07676298820709594	2.359495156031322	0.04540950483834643	1.1974895938994752	-0.4864928932015078	-0.8258433671892121	-0.8258433671892121	-0.256006766813854	-0.8258433671892121	-0.45000273200188495	0.07794093387954427	1.1011955232318995	0.25612955550721805	1.4887625850822674	0.42840336888968494	1.2378584919392746	-0.8258433671892121	0.23232243504981365	0.25185268035189573	0.5439217623301608	-0.01189109819875885	-0.28459039285501525	-0.632128305216338	0.7852611270494021	0.4605219685990777	0.641040674664891	2.458694861711332	-0.8258433671892121	-0.4102172738910784	-0.3676757675814601	0.5009324303280382	1.8395967855173248	1.2720604428025346	0.581896483132684	0.473673834664459	-0.8258433671892121	1.5571045074591991	1.795810731242197	1.1847048927161998	-0.8258433671892121	0.17781679424680022	-0.8258433671892121	0.10151026412719225	2.094746794042924	0.4386842588984364	-0.8258433671892121	0.8853943905586559	-0.8258433671892121	0.9736259803573722	-0.6194645169236156	0.5790376937094568	1.254206691688674	1.0890761802282602	0.35064022853579985	0.2582595592592561	-0.26813366579947395	-0.8258433671892121	-0.6257716768568542	0.2895555695365232	-0.8258433671892121	0.8253324016776057	0.3236221946420535	-0.3185415751911509	-0.0995945250845776	-0.38630798956600393	-0.4102172738910784	1.6971945233071075	0.6357173979828719	0.5288288501634736	0.40920952121042914	-0.8258433671892121	-0.8258433671892121	0.3314339752273017	0.4605219685990777	0.7885849839070885	0.9918981286027873	0.0201242872160808	0.7431051169849014	0.30976773827905296	-0.8258433671892121	-0.0390600990224684	0.7896899138139591	1.19078594971558	-0.01486528854994178	0.19639562409316763	1.9751279458196715	0.4318448431102777	2.144594556164269	-0.8258433671892121	1.7174794723163662	0.41273329180994345	-0.8258433671892121	1
1	-0.8410569864210815	0.5260091376524705	-0.8410569864210815	1.1956958526805717	1.395407609423723	-0.25584306808843166	-0.8410569864210815	1.480774839207556	0.2270776044767526	2.678561388716982	1.2970856893501157	0.475044989403788	1.3425673535397364	-0.8410569864210815	-0.8410569864210815	0.08805651382510367	-0.4066294391337652	-0.8410569864210815	0.3696454135618648	0.7288464462827094	0.7574626326724835	1.971888507895386	0.4638093748067202	0.6783706726826925	-0.7492886524564029	-0.8410569864210815	0.4923918880993518	-0.09585452683509411	-0.5235994147411502	-0.2677223100336977	-0.8410569864210815	1.3512569478972878	-0.8410569864210815	0.4908301637899456	2.699780667640582	-0.5571112509346524	0.02109658240765253	-0.8410569864210815	0.5525125369807654	1.8505292709954857	1.004628191179533	-0.8410569864210815	0.08805651382510367	-0.8410569864210815	0.5525125369807654	2.393971453475532	0.4876976500055577	0.239965204943971	0.37326847912924815	-0.8410569864210815	-0.06112291924159026	0.3858230531457816	0.3054354977043938	-0.05190361126655819	1.743775205228314	-0.03377403749666547	0.9515386371822584	0.19167289196180107	0.658282726497256	1.565077515933758	1.502575473111302	0.4425203843481079	0.5597232151126479	0.399936766488915	-0.8410569864210815	-0.5802486479479506	0.265140926074693	-0.8410569864210815	1.0954783864636644	0.5093749545262674	-0.3385428151685657	-0.8410569864210815	-0.8410569864210815	0.5711283868021597	2.423963054214534	-0.177237149896973	0.6570105285868276	0.7111783896677544	0.39114456498193745	-0.8410569864210815	0.5032404266758934	-0.1457524745490262	1.0629780713501944	0.9488793447973553	-0.8410569864210815	0.6192195029775399	0.9568311645422252	-0.8410569864210815	0.15227795716552242	1.3198650762354895	1.151296234763291	0.3858230531457816	0.5364193391095717	2.049385691010239	0.31714298554579395	2.911775190633658	-0.8410569864210815	1.2277822136968704	0.2006702490104829	-0.8410569864210815	1
1	-0.922630379137574	0.3480693710297494	0.08156050016704854	2.054576808425427	0.6910895515244225	-0.11908602129825822	-0.922630379137574	1.798729912252108	0.4311169613237501	2.983234368915989	2.171759336041804	1.3760847943960852	1.093713178438073	-0.922630379137574	-0.922630379137574	-0.5474678449171155	-0.922630379137574	-0.922630379137574	-0.4607058142207695	1.2300949644332533	0.3794108444180548	2.0144215748415784	0.6352740633260444	0.9933920024553832	-0.8095624508560516	0.6676385269855312	0.5753204397703986	0.9238254121104538	0.02841279245190328	0.24602664829952384	-0.922630379137574	1.9543524865460753	0.6777723175067665	0.03090587207800043	2.077707141031156	-0.8678942822913578	0.20493177376288804	-0.1911145510806949	0.8209703965094838	0.8413354093348602	0.540281924579244	-0.573316807331471	-0.15273563804521284	-0.922630379137574	0.4910705848793967	1.800128363245849	1.47042715968962	-0.922630379137574	0.7360457666299719	-0.922630379137574	-0.27018842095518175	0.7525355848697968	0.7370862859996898	0.30666142344751096	0.7525355848697968	-0.33795856617234116	-0.922630379137574	0.5929081693631106	0.32243881034946403	1.1913016666934548	1.1930790464602212	0.7991169420144174	0.3794108444180548	0.7991169420144174	-0.7229196630957948	0.37454220164924457	1.095718145259659	-0.922630379137574	1.6990571953083229	0.5482004579297443	0.16586174157938996	-0.922630379137574	-0.3740987353920546	0.30842973824648273	0.7904022757161845	-0.922630379137574	0.5495127107696656	0.7020222003098708	1.1942618006159662	-0.922630379137574	0.9788700534678216	-0.28845113097395114	1.334439263960315	1.3035439756167466	-0.922630379137574	1.022407658872513	0.595389777745903	-0.922630379137574	-0.1878458448220792	1.197799723302981	1.122632718009854	0.8892509462530384	0.8918315025030722	2.055596346932678	0.8585200356417525	3.1832040075710943	-0.05571527038791984	1.0720118618547836	0.29776140301114523	-0.922630379137574	2
1	-0.6050238328585323	-0.22103588749016287	-0.8602430607768048	0.6972169745325204	1.2839064523759187	-0.7089120612312929	-0.5404665887886881	1.5588760396893553	0.14322126216750072	2.953977599754509	0.8393881303875909	0.7920083566364742	0.8912814351635026	-0.8602430607768048	-0.6951923682336452	-0.0544746894739591	-0.8602430607768048	-0.8602430607768048	-0.08001585940251488	0.5192795829686122	0.6045232570995517	2.3078141655172977	0.3465706923696731	0.7619903624234383	0.48224042486645113	-0.8602430607768048	0.17957842577542646	-0.0963876432020221	0.07884618040023444	0.12569373998178276	-0.8602430607768048	1.224802844527329	-0.1945636770507892	0.5959515196972027	2.234563019453216	0.12061713376871738	-0.8602430607768048	-0.7442374999974103	0.12569373998178276	2.0610816819936124	1.4184559556309817	-0.8602430607768048	-0.8602430607768048	-0.8602430607768048	0.2478379000019859	2.2446720755030287	0.6338458573879681	1.113295334097636	0.2368440634061688	-0.8602430607768048	0.4639242396871052	1.8762975230951635	-0.5181827664340105	-0.8602430607768048	0.5726511116942143	-0.8519840620039926	0.94767467162497665	-0.0576246838746	0.44174348944320935	0.36384346078138047	0.03486118654856297	0.2778678300298114	-0.4598184886317967	-0.5072612598045482	-0.8602430607768048	-0.8602430607768048	-0.02059151436936574	-0.8602430607768048	0.2478379000019859	0.4009871314429635	-0.5018539277918465	-0.8602430607768048	-0.8602430607768048	-0.11308886115985112	1.9870932020102057	-0.8602430607768048	1.0451238512342855	0.5562440225602671	-0.8602430607768048	-0.8602430607768048	0.21894530993035677	0.296614430546094	1.150191298456949	0.581465593062527	0.00321004563014856	1.0682044156031747	0.9681013128118968	-0.2563613262562803	0.17957842577542646	1.1855167372230653	1.2851593168075528	1.2125964108884295	0.6595117395890688	1.9916486236086153	0.5547362609678845	2.3267673355354357	-0.8602430607768048	1.169842026227938	-0.17980733233831325	-0.655343634739766	1
1	-0.8197691410071017	0.05654238577078604	-0.8197691410071017	1.1167226248588584	1.0157303007358036	-0.8197691410071017	-0.7499612766735974	1.231997686136618	-0.8197691410071017	2.438631587426596	0.89058107240123	1.074078799768894	0.34464116318622284	-0.8197691410071017	0.7318334812378415	-0.1997052775421045	-0.8197691410071017	-0.8197691410071017	0.5047410165619072	0.6193950114135118	0.40219437397454166	1.2825055355794783	0.22456810320849255	0.5015767718827481	-0.5826934056694097	-0.8197691410071017	-0.8197691410071017	0.13249887149017295	0.5357216798460196	-0.10053672775260172	-0.678859028603183	0.6180232149674004	0.3598895307609842	1.2255379580616343	1.738234291404242	-0.8197691410071017	-0.08403828355619938	-0.7802468828160476	0.34848024908226594	2.0184313733196455	1.2604454416631428	-0.8197691410071017	-0.8197691410071017	0.2290189144489193	0.56115456357774	2.5581779678024463	1.196486754394846	-0.17375193976336778	0.2764287287065341	-0.8197691410071017	-0.22651774538446848	2.5278279903007745	-0.2623486992987443	-0.5647580839000245	0.9546645918213869	-0.2998382196405703	0.8717304158031404	-0.8197691410071017	0.317245705671019	0.1950259992823847	0.1019274845693712	0.02575974689733609	-0.32583121790587904	-0.12421406788825642	-0.8197691410071017	0.22009270172596113	-0.14156046108686274	-0.8197691410071017	0.34656298047635964	-0.678859028603183	0.396800043665758	-0.34363513475846397	-0.8197691410071017	0.5250127056439936	1.1924432571078605	-0.8197691410071017	0.11990070764220642	-0.6390126873480593	0.577195594842628	-0.8197691410071017	0.5596804128381668	0.14981348261490185	0.5757503748199574	0.8993594972283312	-0.4543773167423741	0.9935825638166926	0.4004002522935288	-0.8197691410071017	-0.19594635846366673	0.8777307810755759	0.7782006782723854	0.301164867747099	-0.01819564334731533	2.0429146153508033	0.4999900023100574	2.7893966883975163	-0.8197691410071017	0.8379095579031485	-0.1922048016599417	-0.8197691410071017	1
0	-0.2621517372404792	-0.7936755609801791	0.3658933160161516	1.016332360217105	0.5849404686560193	0.2247621206381911	0.00347845480858817	0.9737001917736132	-0.7936755609801791	2.1447992566654825	0.7658601576330536	-0.4525044350049644	0.27676513707640693	-0.12930473401466486	0.6173019644324599	-0.7936755609801791	-0.01825121156778106	-0.35653314518887336	-0.3102244229916991	0.05969482610364875	0.05683080136697532	1.4659781967893366	-0.7936755609801791	-0.7936755609801791	0.33385718196319164	-0.7936755609801791	-0.7936755609801791	-0.7936755609801791	-0.7936755609801791	-0.7013337390746459	0.1962525932813671	0.6129639903956491	-0.7936755609801791	1.7356202761741886	1.6606243538221563	-0.7936755609801791	-0.7936755609801791	-0.7617179670206512	-0.22888939648706408	1.1057969322001786	1.034682838922175	1.0841314673917173	-0.42613274164849063	0.506229298189571	-0.5253541921308754	1.57089152738592	0.7226729161617536	1.487573920371415	-0.5431326617496325	-0.395573627716148	0.1308311464618744	2.861804218670189	-0.5925304643950826	-0.7936755609801791	0.6797438050847194	-0.7936755609801791	-0.7936755609801791	-0.7936755609801791	-0.3238428045984202	0.829414372790743	0.5160860417582077	0.16167953213360078	-0.7936755609801791	-0.7936755609801791	-0.7936755609801791	-0.7936755609801791	-0.385636746042563	-0.7936755609801791	0.7289844442233303	-0.7936755609801791	-0.7936755609801791	0.14896766434835587	-0.7936755609801791	0.8327424136271032	1.3124170562587485	0.5667315723797067	-0.37581958874911703	-0.7936755609801791	0.5338527638520949	0.7124716661871721	0.5998097535213809	-0.7936755609801791	0.20586703165882675	0.7825138742585357	0.16670926538048242	1.5008472053547022	0.4655648503046863	0.5574722204810919	-0.7936755609801791	0.9168183943912018	0.940437851020199	-0.7936755609801791	0.3678543619655797	2.109996022207248	0.04235769973789453	2.4824462759814523	-0.1438553742267302	0.6456461857356804	-0.3102244229916991	-0.7936755609801791	1
0	0.7524569905739783	-0.03870007934458071	0.10278781748573712	1.9577578803488545	0.8443781792690025	0.14674105895632814	0.26616704149033155	0.12892329363493416	-0.8454558487858163	2.423837648593014	1.734206024060172	0.5727670146574898	0.4650228053949429	0.2529756589975191	-0.08398192165424659	-0.8454558487858163	-0.07406880632318907	-0.4044827338915779	-0.24083411041094696	0.2573960930786439	0.06197570633939746	1.320554709626756	-0.8454558487858163	0.225947597216046	0.2834360191877428	-0.8454558487858163	-0.7293081334135686	-0.5658340797577229	-0.3252761956318592	-0.14966996084623935	0.5621417054688357	1.6897916787040208	0.26616704149033155	2.3147007814505427	1.7221889738500769	-0.3033477559052083	-0.8454558487858163	-0.2328432829995863	0.10278781748573712	1.9439691426263048	0.6009405482231231	0.20976550725324103	-0.8454558487858163	0.3431895058310754	0.35699119323999345	1.82622675844792	0.9281210790717492	1.2501939696172584	-0.00175890223205097	-0.4974909595602139	0.47864671129760195	0.7728589885085313	-0.02620300703536067	-0.2947358690165934	0.89091163715423	-0.6533928455857629	-0.8454558487858163	-0.12836008433968585	-0.39476286112570613	-0.8454558487858163	-0.06103262296824647	-0.0324280522312108	-0.6274207428381501	-0.39476286112570613	-0.8454558487858163	-0.8371867293377533	-0.05780528047394043	-0.8454558487858163	-0.252966291540722	-0.8454558487858163	-0.8454558487858163	-0.8454558487858163	-0.8454558487858163	1.093454635807912	1.9372800734768651	0.22135620626720792	-0.3899452264868628	-0.8454558487858163	0.7740436496468981	0.19087742948183373	0.6997943289279727	-0.44454059161123544	-0.03555814876714212	0.6477121542681706	0.2440636202609521	1.1777019996588498	0.49371128660557767	-0.8454558487858163	-0.8454558487858163	0.5404746400635195	1.0926481926123277	-0.07079053916143326	-0.04501980293960289	2.0712878723230603	-0.4548641982560643	3.1902075921809057	-0.09738607753305974	0.22823381502060497	-0.8454558487858163	-0.8454558487858163	2
0	0.14918939386708507	-0.8261813772341513	-0.19985284848661303	1.7052971796814815	0.44608610378510094	0.6745382640742541	-0.16225528300278289	0.5310662830295861	-0.8261813772341513	2.228177169629108	1.359241768670233	0.92587175155344	1.2007675720555486	-0.3942019746353262	0.8574414029266879	-0.8261813772341513	0.5069696281640591	-0.3942019746353262	-0.3241957735759155	0.4443289129389053	0.3150765817301732	0.7874541069434736	0.10523816881750626	0.8585057128343151	0.5498483204612433	-0.02078065902091935	-0.7183131989348661	-0.25555239775198946	0.7804675563927502	-0.14049427332370348	-0.25555239775198946	1.0644527219448932	-0.8261813772341513	2.2698195490669884	1.823078682741278	-0.27639512111289183	-0.8261813772341513	1.1426149939570769	0.11579271850004764	1.8400399273616364	0.8237462026109705	0.3453834494530273	-0.6165488009518567	0.4668849430553254	-0.19985284848661303	1.4537578763096994	0.742170251301227	2.7993096928292664	-0.13336657859167722	0.18611233536914296	0.9926705648748044	0.5085982015910856	-0.5670154508001376	-0.4290271379333512	0.6138362064106712	-0.8261813772341513	0.07549542797570948	-0.8261813772341513	-0.45483626098211416	-0.8261813772341513	0.581719794798008	-0.21147530409901713	-0.49238482241230475	-0.10889469096900592	-0.8261813772341513	-0.6229553982564143	-0.5146360039420583	-0.2514464361288459	-0.3468760950187421	-0.5259912680948824	-0.8261813772341513	0.0727374903916879	-0.8261813772341513	1.088127198554142	0.22375288446342056	0.40837369647937977	-0.8261813772341513	-0.2848822436931038	0.33941067646627543	-0.8261813772341513	0.581719794798008	0.1287984170931621	0.6529790981751641	0.23062282918947535	0.12362076732871828	1.125875637968366	0.01554480417247687	-0.16593870569752386	-0.8261813772341513	0.9799209622797186	1.2139954493560123	-0.5852429909506932	-0.00544979514105384	2.1435861096318205	-0.0523264187742517	3.0391067724672127	-0.1733553648594979	1.1426149939570769	-0.01461401146853053	-0.09184970115695903	2
0	-0.3454068854044823	-0.4651361136394783	0.04248939115123445	1.6439650248741031	0.5940159499321849	0.03959845884675531	-0.8070916199665267	1.5502567335483377	-0.8070916199665267	2.3531076641435824	1.4917283730640725	-0.2168666608472977	-0.1934194755824412	-0.6650261244138392	1.6078463996632897	-0.8070916199665267	-0.6929497854060399	-0.1594645265169501	-0.6929497854060399	0.5895974313639913	0.3271168591924097	0.9699285041966924	-0.22884762177776993	0.950225724398068	0.1605115783592321	0.30857838928548764	-0.8070916199665267	-0.5092921386667462	-0.8070916199665267	-0.17062671653869418	0.18268545237280703	1.1939093184315193	-0.8070916199665267	1.4386616490915665	1.8404548099291365	-0.5207145279844222	-0.7909190613265206	0.26361175622816563	-0.6650261244138392	1.674260471024572	0.6534891441802936	0.30020203356691655	-0.8070916199665267	0.45504388812356666	0.2980944516921402	2.107640961716323	1.2023216248090005	1.406714126329447	-0.4705268099326811	-0.5322989424039558	0.24355566589738353	0.5409163543353496	0.0308637496677463	-0.4232455200876901	1.1077844018299472	-0.15577744340002617	-0.6118894995106411	-0.8070916199665267	-0.2369337029159865	-0.04902649659595939	-0.8070916199665267	-0.3135543097474193	-0.8070916199665267	0.14792754628340443	-0.8070916199665267	-0.8070916199665267	-0.8070916199665267	-0.4283658348113875	0.09825764011808608	0.03669725677895743	-0.8070916199665267	-0.8070916199665267	-0.6118894995106411	0.6697152578564348	0.20427316361875905	0.00710389145280715	-0.3547405586904505	-0.8070916199665267	0.8263877460460417	-0.35006038815591983	0.7548241558924427	-0.7367113706655668	0.10630388769827832	0.7632251302832461	0.2810350842063489	1.5516220515423875	0.23903106970816249	-0.41815710784346816	-0.1934194755824412	0.6895547967832888	0.8588862323142774	-0.09210722518976384	0.01907022309158893	2.014607918397896	-0.5619999436476565	3.0886516196562623	-0.5680719978139128	0.6200365144683522	-0.798965308906712	-0.15210693149909274	2
0	-0.7989996624999202	-0.10724135621262144	0.05741664719578442	1.1930432575780336	0.6172009708995544	0.09852332757613871	-0.6248395336688022	1.2844762288708709	-0.45469112932223765	2.350602884216819	0.7226672793560337	0.5088890835545171	-0.7989996624999202	-0.7989996624999202	-0.4981715195515418	-0.775068037796253	-0.29656375583506517	-0.06364838478484817	0.2536715061471017	0.7177078293155115	0.436537773471693	1.309408529591326	0.4693067318763018	0.5723307616621529	-0.7989996624999202	-0.7989996624999202	-0.7442213473976609	0.4793852149773602	-0.7989996624999202	-0.33671881259609826	-0.7000488831474149	0.9114477295529776	0.4760396412602355	2.0430774534089355	2.1458777200723227	-0.7989996624999202	-0.18682237260105672	-0.0191870669557825	0.01707097767637107	1.259388933240445	1.2302041587456725	0.5373554891337361	-0.7989996624999202	-0.775068037796253	-0.11416129310355874	1.5192421782981789	1.082063100718236	1.5980027685877776	-0.4337963519161458	-0.3459192262332976	0.7300499538008821	0.7494141698203205	-0.7989996624999202	-0.25830651194649235	0.5527481141215936	-0.7989996624999202	-0.25830651194649235	-0.7989996624999202	0.2558745760438316	-0.7989996624999202	0.6975605330937722	-0.04429381321804409	-0.4494166631923411	0.19418057311183193	-0.7989996624999202	-0.7989996624999202	-0.13528321328060572	-0.7989996624999202	0.5024249559032535	-0.7989996624999202	-0.7989996624999202	-0.7909435991415524	-0.7989996624999202	0.6353017418952925	0.04323716590262408	0.22218201598403436	-0.7989996624999202	-0.29222257820907593	0.5435477004843935	0.12739479696780823	0.6860033992043356	0.2689685706748781	-0.17175909740217965	0.5496929116753972	0.35318824719449304	0.4005483957368066	-0.09019593321009044	0.3856924250295215	-0.4761394746743318	0.4642200490448214	0.5216645389631547	-0.7989996624999202	0.3968598805302692	2.2759323299929912	0.2425653280494097	2.8363971924972384	-0.5441201712075838	0.7446163620764445	-0.28360943647176573	-0.7989996624999202	1
0	0.890539959179361	-0.8479356451874829	0.7924066139192494	1.8428418975085756	0.8097884888491967	0.3780153640237698	-0.5726967519466475	1.556643198853484	-0.45165006283839954	2.1594348976684827	1.4188300508127123	-0.6756166923993638	0.4119640251079602	-0.8479356451874829	-0.778901406290431	-0.8479356451874829	-0.24599987711825455	-0.8479356451874829	-0.3815410449178415	0.8473300111075771	0.6817387278374886	-0.09806073084595796	-0.8479356451874829	0.7389822537850906	0.7714624532897576	-0.16690650520572858	-0.8242570194587829	0.5205920653205754	0.3016653801076481	-0.8479356451874829	-0.09180235126391344	1.2903640421886158	0.1487174241167746	1.417410135796307	2.17301423162781	0.42678380359013535	-0.45165006283839954	-0.04342124948977596	-0.37264019209987087	2.023153453120075	0.5953573434537835	0.5940343563454459	-0.8479356451874829	0.3533651572032338	-0.25741672374157465	2.3520994463581872	0.6946879497494876	1.387487230638615	-0.17033721071492808	-0.32537847905409684	0.43973064721274807	1.135267836134173	-0.8479356451874829	0.32977593145364764	0.5979967808071328	-0.8479356451874829	0.1578988256221359	-0.8479356451874829	0.4477174383175839	-0.8479356451874829	0.4185844637159814	-0.4467803304434976	-0.04049229371482156	-0.4371287858360426	-0.8479356451874829	-0.8479356451874829	0.19578673449271175	-0.8479356451874829	0.2665764783521557	0.16922954510721358	-0.13997729681386076	-0.3337667076576963	-0.8479356451874829	0.9401795503678296	1.838652929385306	-0.26899863891740405	-0.8479356451874829	-0.8479356451874829	0.6935193594444851	0.3167803287534152	1.149292736886824	-0.22732610585554763	0.8016557437470501	0.07375137693188422	-0.1877146494477604	0.8287791495435873	0.16922954510721358	-0.5841407824616515	-0.8479356451874829	0.9166298416008138	0.7433897945438459	-0.8479356451874829	0.4477174383175839	2.2844195801432594	0.3797474047245234	3.2176262912200952	-0.04636095375037056	1.0356770332669547	0.3900617340681075	0.32237570781472424	2
1	-0.8240361461011374	0.175716378894386	-0.42069768820853654	0.5548522266364055	1.1381810487782344	0.1077484070547848	-0.5588056749562391	1.8993856713047603	-0.0637878693781432	2.691970548413963	0.24908880327520552	-0.01514347090325506	0.3260474658215282	-0.4607271947666752	0.20766388854872336	-0.5359551200154465	-0.8240361461011374	-0.3779215457787268	-0.4109936185497887	1.0488454693074705	0.4991795809845432	1.4210762560876733	0.5791959048385847	0.9034145055484256	-0.8240361461011374	0.04728007033755981	-0.7399816636565408	0.27830442215468537	0.6506866307996599	-0.6189401636270598	-5.255008983926608e-4	0.33945561439271127	-0.364153209848195	2.119646657890466	1.827834031535004	-0.2779289196998395	-0.24586784951820215	-0.4109936185497887	0.27625237508661105	1.9761262655503888	1.0488454693074705	-0.5704787494004897	0.1228035750828886	-0.3198877834816035	0.911858208211661	2.0753235544448443	1.308408872224484	-0.5303423583569523	-0.34615406889603473	-0.8240361461011374	0.4376913704842236	0.8794844019629356	0.0445451677486846	-0.7044945124986477	1.153536294480547	0.1326862516918177	-0.3242064428287317	0.280351254358007	0.13758248584931076	-0.8240361461011374	-0.16376248438692378	0.2512111445257434	-0.38256379516346134	0.25964502303882153	-0.8240361461011374	-0.8240361461011374	0.05000571773923295	-0.5359551200154465	1.3314628367179635	0.25543912294071747	-0.8240361461011374	-0.11556010021293105	-0.28202779897123625	0.8437258668964842	1.4724682306934769	-0.18170148959869353	0.03351173440702716	0.45268425913564664	0.29050811075276745	-0.8240361461011374	0.8396528972129303	-0.8240361461011374	1.3581766043912564	0.9959715445420708	0.03628429493674252	1.0208068534966008	0.6271114441963676	-0.4556133487712096	-0.8240361461011374	0.24054306752445748	1.32701601775609	-0.6127206111881273	0.29654130779092913	2.0527785791723265	0.6376745862696763	1.9948293763176956	-0.5082744563186143	0.907178194820169	0.22317467400297775	-0.35061628550912394	1
0	0.6637101524889479	-0.7255980643384541	0.2355666826290272	0.28869266500627794	0.8791220348500172	0.5844133092128931	-0.3557875436854406	0.9399677365769497	-0.45644910686497914	2.149030504328993	-0.8474570101345124	0.3189928283814306	-0.8474570101345124	-0.32915684449678295	1.1920693532179791	-0.8474570101345124	-0.2540855901934188	-0.20010099729400369	-0.10505661391546912	0.8608759229548699	0.2968826705235135	1.2666418358976594	0.5386651270594247	0.7583851134787644	-0.565355691447795	1.355457583998845	-0.8474570101345124	0.2699608735672	-0.8474570101345124	-0.3786592522945001	-0.8474570101345124	-0.8474570101345124	-0.17438395659945063	1.4191444694261182	1.410793056085082	-0.3648599149459277	-0.8474570101345124	-0.02288396649062505	-0.2189763399608411	1.6396140758364264	0.18579136765077747	-0.8474570101345124	-0.11173178275746182	0.3596179962032346	-0.30760596827925785	1.560049268478594	0.4918249796651284	0.7812887253974871	-0.32915684449678295	-0.8474570101345124	0.550717325048925	0.5625951632340592	-0.1494480325848584	-0.8474570101345124	0.749041726785853	-0.8474570101345124	-0.8474570101345124	-0.8474570101345124	-0.8474570101345124	0.01817665148462306	-0.8474570101345124	0.05180761555391607	-0.2540855901934188	-0.09843527766615465	-0.8474570101345124	-0.8474570101345124	0.05180761555391607	-0.3926944871436385	1.2418849478952618	-0.18898062984798064	-0.8474570101345124	0.30499178577571456	-0.8474570101345124	0.6944068583712405	0.3558343892996716	0.34629837914004435	-0.2824700895684691	-0.8474570101345124	-0.07567228024494999	-0.441290991804425	1.0455197579264168	-0.8474570101345124	0.1996684514361364	0.4950321761068601	0.6624058770040653	2.8254428338723003	0.3892750802371292	0.21556739557712673	-0.4929458373518288	0.7142517216012769	0.9501441527080632	0.4821275293907626	0.26573957251995844	2.3161149900137636	0.02671441900841905	1.570912634752631	-0.3833110564950501	1.2534040319381468	-0.06610664297679159	-0.8474570101345124	1
1	-0.8080788408100986	-0.07565670148140988	-0.8080788408100986	0.3126627506978891	1.243819224387951	-0.364807302288249	-0.5627868141327033	1.3407534992200962	-0.8080788408100986	2.6115127824511335	-0.4037363322236961	0.5139163095980227	-0.06901150126031302	-0.8080788408100986	0.11138813055794886	-0.8080788408100986	-0.8080788408100986	-0.8080788408100986	-0.12729630051407717	0.9478188003254152	0.368777780264857	1.2304306346946334	0.4427971146816401	-0.04295813620728771	0.3311232496419705	0.06498155438708188	-0.05263109081674228	0.03348586662955358	0.7281115497903836	-0.17485161992907938	-0.3413857821341217	0.03930336538750623	-0.8080788408100986	1.6264837853299277	2.149704742653337	-0.8080788408100986	-0.8080788408100986	-0.04616975183250296	-0.2333984864769822	1.81960983457637	1.3770863751729576	-0.8080788408100986	-0.8080788408100986	-0.3889198215239986	0.8740073638127118	2.3308199830546985	0.38412762340542855	-0.8080788408100986	-0.19005866555449197	-0.8080788408100986	0.9449525608306184	2.0603911272124846	1.1238872782876561	-0.5999457185793227	1.2277263969093806	-0.5749863708313637	0.9468645035153094	-0.8080788408100986	0.11138813055794886	0.8823160007966094	1.0242457719145337	0.07057989904748681	-0.287769507107816	0.05081559971423457	-0.8080788408100986	-0.7527776977289855	-0.2213488069447835	-0.8080788408100986	0.368777780264857	-0.700982219011474	-0.8080788408100986	-0.8080788408100986	-0.8080788408100986	0.6495851123875875	1.27699935624302	0.648210250625222	-0.6256913155311861	0.06778551982995788	-0.31861675760403757	-0.8080788408100986	0.3860262424356933	-0.3231201030181574	0.34718971534382664	0.2958959037832692	-0.48764123114795543	0.21587339190846616	0.4066250562649598	-0.8080788408100986	-0.8080788408100986	1.0439833901838145	0.991458568907573	0.03348586662955358	0.6792613303307311	2.124101167720031	0.37840516041585337	1.4837573504571124	0.33718524374543957	1.056603637688088	-0.14163623192195615	0.07614015943586543	1
1	-0.2005609396003897	-0.05826534062423701	-0.7648577754582916	-0.8126207782271158	0.8400866987959283	0.00457765472431428	-0.616698711956734	1.425539400922586	-0.8126207782271158	3.2054333512747815	-0.8126207782271158	0.3943640309460841	0.8134635315073742	-0.8126207782271158	-0.8126207782271158	-0.8126207782271158	-0.8126207782271158	-0.8126207782271158	0.23508011668421863	0.8055327198813704	0.2000947369328399	1.0498399826610163	0.00457765472431428	0.6154755209913351	-0.6631718645210615	-0.48574413792453586	-0.19282786681439604	0.66017209213555	1.796856846958827	-0.0984219234713221	-0.6769486532841745	-0.01687365337124088	-0.0076114120446691	1.8555137265155357	1.4066203367370191	-0.8126207782271158	-0.8126207782271158	-0.2005609396003897	0.30507031066476925	1.809999280923886	1.971779726742077	0.06012222513872112	-0.8126207782271158	-0.42735897450052895	1.9257821016695829	1.8992331933492952	0.7153650261343633	-0.8126207782271158	-0.16632256707729506	-0.8126207782271158	0.4680339189236086	1.8624416939903696	-0.32627097923100573	-0.8126207782271158	1.054894672691661	-0.8126207782271158	0.4220904499447866	-0.8126207782271158	-0.01068721166046271	0.8455259996826293	0.6082661549424684	-0.21229908246446713	-0.2162494498009251	-0.8126207782271158	-0.8126207782271158	-0.8126207782271158	-0.5137229508150073	-0.8126207782271158	0.6009928185277092	-0.00454711077202841	-0.11575237103121136	-0.8126207782271158	-0.8126207782271158	0.25981915757087476	1.0515283450206812	-0.06153759900506058	-0.24855706546008396	-0.29516753264669726	-0.24855706546008396	-0.8126207782271158	0.5757693011250079	0.30507031066476925	0.1356743174698194	0.3981155232417206	-0.8126207782271158	1.114800663744842	-0.8126207782271158	-0.8126207782271158	-0.48026117677332736	0.6268802216359476	1.0821516806828153	-0.15155280467873827	-0.5788597031347836	1.6470681613781386	0.7379269908882713	1.2765178592991118	-0.8126207782271158	1.1728100453791923	-0.3492332548250301	-0.8126207782271158	1
1	-0.8393134873216498	-0.32562934732026855	-0.2859645794345437	-0.46799784022152463	1.1576145105181512	0.17017652038633216	-0.8393134873216498	1.3796821357074645	-0.4733676768348172	2.8116323133163115	-0.10829121230431756	0.4091457731855822	1.013736325220632	-0.3720305462212661	-0.8393134873216498	-0.8393134873216498	-0.6202375645491579	-0.6940613076669931	-0.09448913417032977	0.8520036369931514	0.1266900811893932	1.2279107269925744	0.6692497937017057	0.07244980156656058	-0.3768156980883777	0.6868866594475833	-0.6266855248960012	1.1750032370974302	0.8102163535358932	-0.05114572280850439	0.03226990604793785	-0.14020618168882484	-0.8393134873216498	1.0245572980259838	2.1987543404921137	-0.8393134873216498	-0.8310048942364832	-0.0130399452585827	-0.31665069397528456	1.6876351705617485	1.3796821357074645	-0.8393134873216498	-0.8393134873216498	-0.23991243929246384	1.220858263484265	2.3720248146600724	0.6868866594475833	-0.8393134873216498	-0.7750505011308683	-0.8393134873216498	0.48086422600926304	2.6891453156190734	0.00538006747044161	-0.8393134873216498	1.0110090281342172	-0.5643426469744361	0.9963110606930152	-0.7521721736823349	0.13712780104403324	0.8574935102572004	-0.24809884521321027	-0.0130399452585827	-0.8393134873216498	-0.8393134873216498	-0.8393134873216498	-0.8393134873216498	0.19473731206644868	-0.8393134873216498	0.7710960389478809	-0.8393134873216498	-0.8065639284467409	-0.8393134873216498	-0.8393134873216498	0.6427836456183463	1.5055499915055344	-0.35783745580402354	-0.2197908218936336	-0.8393134873216498	-0.4626623158975115	-0.8393134873216498	0.7526895614907734	-0.21187600703582304	0.7300524509314165	0.2440769540548856	-0.10481924590651356	0.870523788442165	0.6299481060471533	-0.6732716848600295	-0.5949323942009505	0.645609390161548	0.9897984404814748	-0.2859645794345437	-0.2731509257009867	1.9531779572062915	0.00841094816886492	0.7625568162307467	-0.08091149004270126	1.7170762844902918	0.06116575530916633	-0.8393134873216498	1
1	-0.8377719016585462	0.04522987890029124	0.1665505455591857	0.49268959062469286	1.0413604812565451	-0.22444034085518424	-0.805349620471316	1.4552550853875397	-0.8377719016585462	2.7107986368310573	1.140711368754507	0.2872959756780596	1.138443432615286	-0.28570260046767654	-0.8377719016585462	-0.8377719016585462	-0.3427363996880572	-0.8377719016585462	-0.00453118539762782	0.5981000330532338	0.4019097914326477	1.2501525067621966	0.47260773983859655	0.6543572589856526	-0.7009473711128165	-0.5537392792726261	-0.1244533893185081	-0.1710887847130884	0.6110958637373437	-0.06070342935061105	-0.8377719016585462	1.2157173344252796	-0.8377719016585462	1.4629593555432807	1.6738863895331526	-0.6082642383147091	-0.8377719016585462	-0.595832993465419	-0.00453118539762782	1.717100225267641	0.6489007229747912	-0.8377719016585462	-0.8377719016585462	-0.8377719016585462	1.1107314901224992	2.0041693352877408	1.01804835732439	-0.8377719016585462	-0.21660462148427664	-0.8377719016585462	0.3485582352905519	2.588512105662459	0.710847022513978	-0.8377719016585462	1.1459791475538526	0.6718462898840128	1.5400272891825053	-0.8377719016585462	0.4273475586142858	0.9381198374823068	0.3061560074893109	0.40375296322018867	-0.16740654163480354	-0.559623020867056	-0.8377719016585462	-0.13145904314699408	0.25927084424262015	-0.8377719016585462	0.9361883828554276	0.05651554502468736	0.06487982081017603	-0.6939712773567187	-0.3991215820024737	0.4658038972803938	1.3682721921776655	-0.5478971192382385	-0.29422496671421555	-0.8377719016585462	0.19547462268616209	-0.8377719016585462	1.10049161773917	-0.7009473711128165	0.5009151530607099	0.4273475586142858	-0.8377719016585462	0.8750004934651295	0.11597439588942676	-0.8377719016585462	-0.8377719016585462	0.8945491105345017	0.6889729720351628	-0.44923766550457866	0.3061560074893109	1.8463010936399136	0.45549196891931265	1.8644282849203464	-0.8377719016585462	0.8613536963687354	0.03378800483112825	-0.8377719016585462	1
0	-0.09837822530157482	-0.8275800266171409	0.08285337649624315	1.4344522289331465	1.0178815835157435	0.2731324922801975	-0.210461701745174	0.8893985154673792	-0.8275800266171409	3.196540476920956	1.8361173918887643	-0.00277345663897731	0.08285337649624315	-0.42632207532825367	0.06365745622338155	-0.8275800266171409	-0.8275800266171409	-0.8275800266171409	-0.3494216088661134	-0.8275800266171409	0.28381240573507027	0.9696100378785022	0.15046469474808222	-0.16158430978868485	-0.41630641740403457	0.5104724955917358	-0.4837042108799096	-0.5690342231036005	2.1113534169046466	-0.42632207532825367	0.12768522539251229	1.4138068123834933	0.00620230233238709	2.2998263342535425	1.941846948808877	-0.5111741218294358	-0.8275800266171409	-0.1689171600314497	0.12253615666905444	1.619906884697993	1.1066655159925776	-0.8275800266171409	-0.1085805151482356	-0.8275800266171409	0.6356909524791001	2.093740776168796	0.3451299610285905	-0.8275800266171409	0.3490595081002579	-0.8275800266171409	0.436372994365134	2.6999899832204073	-0.07505448176186676	-0.4891251795466456	0.48926663223911554	0.3510172534162904	1.3129768822342704	-0.8275800266171409	-0.8033041576289318	-0.8275800266171409	0.23574543695059183	-0.11545313911324084	-0.46765274675704793	-0.8275800266171409	-0.7643739421300308	0.9222339419270998	-0.7056865692964459	-0.19511034317505452	-0.07177593939923921	-0.03030476434935683	0.1798866029968072	-0.8275800266171409	-0.8275800266171409	0.995885791804394	1.733836920782718	-0.4467274422859219	-0.8275800266171409	-0.8275800266171409	0.18946424823268657	-0.8275800266171409	0.6118435825775573	0.14545691233477684	-0.05879110336324058	-0.8275800266171409	-0.00578730872279048	1.1536082220810613	0.4538104598417355	-0.8275800266171409	-0.8275800266171409	1.040148972608378	0.8072560243692621	-0.5933700412703591	0.2082908324239151	1.7841814348336402	0.04683897555882913	2.4480115544525027	0.1068923737514722	-0.01795455009577457	-0.8275800266171409	-0.8275800266171409	2
0	0.4398101161990988	-0.05241771157892603	0.5430590587318928	0.7340913230365221	0.7912653980980717	0.2755608403652334	-0.37587638992335254	1.2166538981696708	-0.8648487000906915	2.1118701536182716	0.9693977343710952	0.5709482263430307	-0.8648487000906915	0.12654441018585902	-0.8648487000906915	-0.8648487000906915	0.1838976092430716	-0.6614064598567038	-0.8648487000906915	0.05416139370267007	0.2959608831329368	0.0911473281406449	0.07812778964020012	-0.8648487000906915	0.4794547767721083	1.2849482629630942	0.4890749597103165	0.1862028405274087	-0.6298271309422427	-0.8648487000906915	0.650675247984011	1.314160625225684	-0.8090898786074758	2.3796367727307812	1.214673633748376	-0.1502541524408164	-0.8648487000906915	-0.8648487000906915	-0.8648487000906915	0.4549012333490961	0.579562795863957	0.5064254878623731	-0.8648487000906915	0.1388265994647608	0.7574390501509969	1.9287515320019888	-0.8648487000906915	-0.6423140311442068	-0.1467987190900796	-0.8648487000906915	0.3039815756084943	0.680272108402464	1.38913225494937	-0.23401161238974896	0.08596416862273297	-0.8246397672280579	-0.3018951697009144	-0.8648487000906915	-0.35786212848711935	-0.09017025023311556	-0.4373005422992699	-0.7568657347554879	-0.778843561121618	-0.3850333690961794	-0.30606793632098594	1.2843411766396562	0.26097427113756244	-0.01926766253030253	0.735274553170576	0.10650403919362762	-0.3272546981728149	-0.00462927328520999	-0.8648487000906915	1.0768809114050095	1.0650794737460043	-0.33155820480217174	-0.8648487000906915	-0.5362094649590878	0.00689706351107397	-0.8648487000906915	1.2671586107273791	-0.4672718323683255	0.8065881171261879	-0.3713357743224261	-0.35341942421419054	0.6853126112518225	0.4985841380601861	-0.12300804631146488	-0.6875711858980794	0.26097427113756244	0.2979733863230346	-0.8648487000906915	0.7733976055933627	2.2730288718780676	0.995673700157096	1.9395172741865956	-0.8648487000906915	0.965830111280952	0.215598427012591	-0.8648487000906915	1
0	0.42185994009532185	-0.5935396844475506	-0.6062836091527684	1.221363711885823	0.7089300056485219	-0.09402203510530656	-0.5872416254511568	1.0635964024149955	-0.29508567508910083	2.654096812005325	1.6717106524551013	0.5741933589830195	1.1357357791400082	-0.8012244994286737	-0.8012244994286737	-0.3401576166913027	-0.8012244994286737	-0.8012244994286737	-0.21575824964996465	0.8720137453596033	0.08384999392658563	1.200609549109986	0.40344844523071144	0.91090768202431	0.7114867305861815	0.6947229315200015	0.02086052458691348	0.908906221910178	0.09207454685412653	-0.22778197483798016	-0.7614315056229054	1.5749589730966715	-0.8012244994286737	2.1591066270270174	1.9428707278951791	-0.8012244994286737	-0.8012244994286737	0.02383172855491873	0.12416765458043266	1.6748505777469884	0.9008509012469827	-0.8012244994286737	-0.5095071586965565	-0.8012244994286737	1.2957379764578727	2.154550826823384	-0.08380568539877387	-0.8012244994286737	-0.3401576166913027	-0.8012244994286737	0.24576061125758392	0.8300688549371923	0.8635837520961435	-0.8012244994286737	1.2227287240658895	-0.19222985112111687	0.43808224568976056	-0.769236298074267	-0.363663410361923	0.9403547283816804	-0.10784600312165292	0.21114744309267297	-0.09402203510530656	-0.599886756069014	-0.459726616708656	0.04433249229949179	-0.15446409606313322	-0.5872416254511568	-0.23182959896289423	0.3788747911883429	-0.10436798255370536	-0.8012244994286737	-0.8012244994286737	0.6655440783352414	0.9148959275617984	-0.8012244994286737	-0.1398342044760596	-0.4077603433755488	0.4678709659546536	-0.8012244994286737	0.8289644612854211	-0.28203588329340157	0.8333730914102058	0.12678593800792154	-0.8012244994286737	0.7427873709785121	-0.03137995744263549	-0.8012244994286737	-0.8012244994286737	0.7489058886998634	1.0476941057686908	-0.8012244994286737	0.22516947191457923	2.1329473287860323	0.3087806106310327	2.3613565364140627	-0.8012244994286737	0.6491770825324675	0.2412295185634488	-0.673173091727534	2
0	0.29220631195299007	-0.7901158152750635	0.5091161820431389	1.830181730641398	0.661313977719168	0.3775795539905789	-0.17971728522955727	0.6020552490029645	-0.7901158152750635	2.4483013352774368	2.136973742880061	0.3070729138335891	0.7489400560387415	-0.628583112283669	0.0549331332336458	-0.7661042859641256	-0.7901158152750635	-0.09951192028404718	0.06065379722720753	0.1772789875999888	-0.6980554189578346	1.2732258257964038	-0.7820328537605207	-0.2352151202183075	0.1748061365887671	0.07757797041414147	-0.16078097485590392	-0.09604781725247596	-0.7126924082878269	-0.08233726512216882	0.5091161820431389	1.9253942229475165	-0.7901158152750635	2.325464050691686	1.9687101737068264	-0.7901158152750635	-0.7901158152750635	-0.7901158152750635	-0.7901158152750635	2.0244467359045997	0.9051486146655524	-0.7901158152750635	-0.7901158152750635	0.15220505474376658	0.861675950525503	2.013189056230362	0.4858100076220849	-0.7901158152750635	-0.4185354639309109	-0.5584561399489171	0.8659178971354801	1.4792249403737978	0.1572821395825126	-0.4939049357407791	0.9396791107881236	-0.7901158152750635	0.581301140191399	-0.7901158152750635	-0.4032560618115042	0.2134958739124578	0.3659191011966208	-0.05888690883506865	-0.7901158152750635	-0.7901158152750635	-0.15332834524454209	0.6392459060490847	-0.7901158152750635	0.12105756136143876	-0.4882832459696829	0.01371910268526039	-0.6980554189578346	0.17232573487571826	-0.7901158152750635	0.8089657280414664	1.6360660916549543	-0.5584561399489171	-0.3448598418146362	-0.7901158152750635	0.7279036545901866	-0.7901158152750635	0.7228737256409201	0.34208372093934036	0.4530711385932264	0.17232573487571826	-0.5959549942594299	0.546010205553052	-0.6023766160792923	-0.6908346520367504	-0.3081380673293313	0.1748061365887671	1.0680679989827393	-0.7901158152750635	-0.09604781725247596	1.8155271372430992	0.37564773160598985	2.7711629949783085	-0.03931172235308013	1.5307500062646906	-0.05888690883506865	-0.3590700746704716	2
1	-0.6435852621581449	-0.02128742866561831	0.6365569706537879	0.3764021861070568	0.8757062471230094	0.04989662707563672	-0.6240419838976166	1.3704291540722489	-0.8274636430755324	2.766416966266569	0.4246703588042457	0.9542452927021784	0.6800088166151019	-0.47702760232056424	-0.8274636430755324	-0.3569557841444381	-0.8274636430755324	-0.8274636430755324	-0.6772240664793746	1.2229317972295632	0.10219026075682204	1.586186517445091	0.2791056677906314	1.7655602673850903	-0.8274636430755324	-0.8274636430755324	-0.04326303166419083	0.48044039112500064	1.534383280796118	0.0611849717586125	0.5263230482241091	0.6110692808732912	-0.08569803695639011	2.4315099286626043	1.953537988086574	-0.4505289758197636	0.01803185201969603	-0.6980868586735042	-0.466325682090008	1.9727705549835048	0.6826499607846281	-0.3523133139752785	-0.4824311382433061	-0.8274636430755324	0.6839673651826632	2.3229850813355113	0.5591326175346981	0.27045428884549916	-0.28992402638407033	-0.8274636430755324	0.25951075117428596	2.0664231257110814	0.7713146246844881	-0.8274636430755324	0.8513591525898055	-0.19286653236967055	1.0180853226962094	-0.8274636430755324	0.3291891062673705	-0.8274636430755324	1.224982489972998	0.3802171756778548	0.07508135968775	-0.14470688930453307	-0.8274636430755324	-0.5044067412418786	0.3086896343278098	-0.8274636430755324	0.4582370342554173	0.45476740270647453	-0.2985527573259177	-0.3385407993637417	-0.8274636430755324	-0.13398175384175084	1.274658211881186	0.1180376006118594	-0.8274636430755324	-0.4610263951743578	0.3291891062673705	-0.8274636430755324	0.7350075947979066	-0.8274636430755324	0.723796043952687	0.3531337335611354	-0.4505289758197636	0.5980235792410981	0.4101174635642024	-0.8274636430755324	-0.8274636430755324	0.9976499527208516	0.936997392146468	-0.8111455598341105	0.5575995263474492	2.1659087913473902	0.3045278261103167	1.2918328817646665	-0.8274636430755324	0.8840089498606206	0.6224945769069984	-0.8274636430755324	1
1	-0.8155568635029212	-0.8155568635029212	-0.8155568635029212	0.845340527001149	0.7915561620490147	-0.21423799727830745	-0.2894261647518472	0.8137219202845629	-0.8155568635029212	2.8084575578845925	1.221520749513319	-0.32975123156912733	1.4042604189455845	-0.6787591932254667	-0.14532310410182167	-0.8155568635029212	-0.8155568635029212	-0.8155568635029212	-0.49713751979835374	-0.16014861229700528	0.21035152693829265	1.6525263400883263	0.0175202777829005	0.6444070294472718	-0.16389691768159084	0.06727157339729935	0.00842110418320016	0.3803215611623236	0.2198516306222293	0.20315409462624745	0.6243870214115379	1.0640573698357734	-0.8155568635029212	2.769537643955194	1.390627121444982	-0.8155568635029212	-0.8155568635029212	-0.5923794560077912	-0.16766229968723237	1.7741301625672243	0.545468406638842	-0.8155568635029212	-0.5027791793877826	-0.38677383438239016	-0.01634479130292972	1.777723646144158	-0.4586887305648601	-0.10237838399567074	-0.10587310345490926	-0.5860942552189046	0.4108654496727539	1.973193307161753	0.7687795234655737	-0.8155568635029212	-0.24267077373236465	-0.8155568635029212	0.8821762395172791	-0.8155568635029212	-0.4804399838023719	0.4457285503290136	-0.8155568635029212	-0.2807260852527808	-0.6115270286669767	-0.8155568635029212	-0.30710598157521896	0.6556330074047511	0.0644264761964157	-0.8155568635029212	-0.24267077373236465	-0.3917081769233377	-0.01008339832095275	-0.4804399838023719	-0.8155568635029212	0.6315928205046811	1.0640573698357734	0.18117791284721976	0.04714710285102291	-0.8155568635029212	-0.19062210721898437	-0.7991899936128541	0.8056245854754361	-0.16389691768159084	0.4652600696019282	0.23157523031832855	0.42018347306655573	0.7602273415498003	-0.6444596689217056	-0.8155568635029212	-0.8155568635029212	0.8725842565690914	0.8693620305746884	-0.2263039038422967	0.3919081984054267	1.6755661572930074	-0.03220900043813533	1.9072266926908352	-0.8155568635029212	1.1349086962913637	-0.0817148097053415	-0.8155568635029212	1
1	-0.8073912729146706	-0.16042255036257871	-0.6048302248515497	1.3415100053419349	0.8978682486047649	-0.699876026296735	-0.4692346803709163	1.526044566972768	-0.12038777895627156	2.6357587824371755	0.8147171477114818	0.4831484445809357	1.38688152179242	-0.7442408871447721	0.03746298621833804	-0.7911422261950549	-0.8073912729146706	-0.5611404360654724	-0.5431056431676445	0.6963335296873683	0.3894753496446188	1.0662545654935305	-0.18311201564101115	0.5148725397828978	0.38564993458070934	-0.42687430501288376	-0.4014682493992817	0.7775187083550945	-0.8073912729146706	0.5115903352264957	-0.1754789369230516	1.3282458656789882	0.06908178595059662	3.2701902783739527	1.950249766083818	-0.8073912729146706	-0.8073912729146706	-0.6177525398709237	-0.8073912729146706	1.7903855710079415	0.3760076374333264	-0.8073912729146706	-0.7752087149705896	0.08858644049543977	-0.5081833496397912	2.4595158922123757	0.2298879699698773	-0.8073912729146706	-0.3576302264794753	-0.8073912729146706	0.7015683164689918	2.049897520596516	0.8181195715707003	-0.8073912729146706	0.4728700215222353	-0.5254587255051327	0.7904967653700096	-0.4801755097262807	-0.23453679528147256	-0.3435230014418785	0.01065497433944374	-0.05881765375188833	-0.41661729589379615	-0.5490733061626223	-0.8073912729146706	-0.2807180377124542	0.25048863468453136	-0.8073912729146706	0.2182156530205916	-0.0924514622544024	-0.8073912729146706	-0.8073912729146706	-0.4064869197538604	1.0091045724226486	1.5096426678250037	0.7775187083550945	-0.8073912729146706	-0.6442241918168308	-0.8073912729146706	-0.8073912729146706	0.22756675188718845	0.00152074222350841	0.09952726985080418	0.6682892200725247	-0.7366781603833895	0.7869776032423121	0.3072514225497263	-0.8073912729146706	-0.0924514622544024	0.3342251549402479	0.6817632509876949	-0.3719842376107742	0.7546069320362814	2.0190558051270555	0.448374171265449	2.0509058771535584	-0.8073912729146706	1.0171361214871697	0.08306083008579565	-0.8073912729146706	1
0	-0.07092888322171546	-0.6405915579081151	-0.01883225551557002	2.0289914031466263	0.5904707402449069	0.04193842786564624	0.2130403388334634	0.9813498691791722	-0.7801477714082815	2.291966036321089	2.003384917950816	-0.23824367184440456	-0.20192706944128833	-0.7963263006827154	-0.0510013335833225	-0.7963263006827154	-0.7963263006827154	-0.7963263006827154	-0.25913967101928526	0.4539893855885809	0.17661577620152505	1.0782982657303253	-0.7963263006827154	-0.7963263006827154	0.4592773589388915	0.26145159262607404	-0.7963263006827154	0.37026543693258696	0.43971847198787295	0.5315351710514699	-0.5214321743229761	1.6495184906592564	-0.7963263006827154	2.330031699104121	1.376505038472294	-0.23412784938442444	-0.7963263006827154	-0.1194085545982782	0.4886127458717788	1.4095588112719435	0.6140677315914085	-0.7963263006827154	-0.7963263006827154	0.4903059879916971	0.15395515165033652	2.2778618358181855	0.5003924004298581	0.5120046227476874	-0.41233849133230216	-0.6405915579081151	0.5053892908106492	2.5912880903242868	0.542716036098423	-0.36762884859546224	0.9597376282551064	-0.7963263006827154	0.23875599348079912	-0.7963263006827154	-0.10176231718807854	0.2058841847845744	0.04486146865966264	-0.0810779457906841	-0.4072482005325589	-0.7184589292954152	-0.42261521841132355	0.2106619120287281	-0.7963263006827154	-0.7963263006827154	0.3741744828132147	-0.7963263006827154	-0.7963263006827154	-0.28494146894773437	-0.7963263006827154	0.6468371594267857	0.6593105166798522	0.47837892900734347	-0.7963263006827154	-0.7963263006827154	0.7793339818161013	-0.7963263006827154	0.7008726525470113	0.3403357519858347	0.03900489139096885	0.8061995156545505	-0.4705305850848943	1.1378429948944926	-0.5572184365384221	-0.1824275989483549	-0.7963263006827154	0.5458826642117246	0.372222297821232	-0.2719387165487068	-0.7963263006827154	1.821278131470366	0.1815672400267579	2.725878219742464	-0.23412784938442444	0.5934579063896434	0.14625975066948982	-0.7963263006827154	2
0	-0.7608256791277552	-0.3990423159978372	-0.1872063920061905	0.7211565944073942	0.43128349785899206	-0.10587972948942258	0.557635303272652	1.1052939079729038	-0.7928410840697517	1.4795223156040538	0.5258071705044096	-0.7928410840697517	-0.03192655378214736	-0.14553065905442686	0.46693493638435607	-0.7928410840697517	-0.7928410840697517	-0.7928410840697517	-0.6238578624830279	0.6002074629257982	0.02095631241525681	0.7932467988690154	0.09848301029436642	0.2839129218539166	-0.7928410840697517	-0.7928410840697517	-0.7928410840697517	-0.5662135763748789	-0.3840641308102477	-0.3454160517345837	-0.6372399357885059	0.38247932619436487	-0.7928410840697517	1.929817679223524	1.8546862329039104	-0.6238578624830279	-0.7928410840697517	-0.13452435941535618	-0.7928410840697517	1.4413083006821388	0.9086537589848196	0.5274283988224077	-0.7928410840697517	-0.235237197255997	0.7755135557196938	2.0488540866635305	0.07626971607520862	-0.7928410840697517	-0.7928410840697517	-0.7928410840697517	0.4943757787601906	2.167622359775982	-0.2646183500053222	-0.6238578624830279	0.8309547069125792	-0.7928410840697517	-0.7928410840697517	-0.4728217579192505	-0.10940581786556762	1.4714100680706637	0.3978091324038821	0.12807165349746227	-0.7928410840697517	-0.7928410840697517	-0.7928410840697517	0.7095778443870396	-0.7928410840697517	-0.7928410840697517	0.3054521184685627	-0.7928410840697517	-0.3360333255604404	-0.7928410840697517	-0.4143004834175601	0.7634736886361582	0.9721151505365688	0.46518886472440185	-0.06471361927297864	-0.1911027630785401	-0.7928410840697517	0.44751959931854546	0.5209240760435752	-0.7928410840697517	-0.14923265265478053	0.4841932576628504	-0.235237197255997	1.0482916102500184	-0.7928410840697517	0.26178993665590355	-0.7928410840697517	0.4686772811009008	0.5338813034922001	-0.7928410840697517	-0.2950966494176819	2.109347549101583	0.46693493638435607	1.5583312755304626	-0.7928410840697517	0.4528606534212976	-0.4246333832857317	-0.7928410840697517	1
0	-0.811639432750212	-0.2600458963343144	0.8979269437636408	1.2619009907963763	0.7314038694934301	0.07785949324272184	-0.2985754187213922	1.1737237119715904	-0.811639432750212	1.5992413209096172	1.3503493626747816	-0.6621956134224911	-0.8034834282029689	-0.3162987404296177	0.43206697256743937	-0.811639432750212	-0.811639432750212	-0.811639432750212	-0.811639432750212	0.22914734415606705	-0.17284889073072618	1.7694103820519949	-0.00359331071436642	-0.811639432750212	-0.14694288862964797	0.7338952747370553	-0.811639432750212	-0.811639432750212	-0.811639432750212	-0.811639432750212	0.4480871247410141	1.170079100835284	-0.811639432750212	2.252997774506652	1.6193333671005887	-0.04114209071893961	-0.811639432750212	0.19386190922564225	-0.4958507480222298	1.1780759612806593	0.7363791302562479	0.38585001408693137	-0.4419055156633256	0.2695777050268047	-0.43152978605476267	2.042086696716346	0.2496117781054276	1.8303806119374977	-0.811639432750212	-0.811639432750212	0.666522570133248	0.9501907044779828	-0.5014457983753318	-0.348267705189666	0.328754961345916	-0.811639432750212	0.5428659121517451	-0.811639432750212	-0.04114209071893961	0.872067647933073	-0.07380265408066052	-0.12183063196881974	-0.811639432750212	-0.811639432750212	-0.811639432750212	-0.7794913243561657	0.04681830155180321	-0.811639432750212	-0.6287349800176512	-0.6759719325657693	-0.7954077796867798	-0.06058185626945424	-0.811639432750212	0.2673831342537439	0.2473630203325416	0.13662333769343513	0.37049271813000256	-0.4630595076264974	-0.0475709212755221	-0.811639432750212	0.8917947079741071	-0.4061509261409421	-0.1766175028595157	-0.05730970943258093	0.5960606805461036	1.4871886596193329	0.38585001408693137	-0.6759719325657693	-0.6970805246732652	0.9318354740840772	1.4243043163506568	-0.00665750753184833	-0.02528721159645268	2.4642178045713505	0.063895412858422	2.217137643992597	0.1544707048571536	1.7115014309767498	-0.2558745301097465	-0.30738917777291513	1
0	0.6121655369800133	-0.4639194761779911	0.4420105992333662	2.093878058193273	0.48600483047174753	0.00834393508367967	-0.538239297022826	0.11991995891890204	-0.852981222153283	2.555164585349284	2.419341692982646	1.0578080082255747	0.6389094861230946	-0.05066760836217183	-0.12761429542462444	-0.852981222153283	-0.6972530253991728	-0.852981222153283	-0.14803922651250653	-0.0755198575034066	0.02524704888920685	1.1479691292522525	-0.1619451740007057	0.47963478112357893	0.4748244353916778	0.7237994024104041	0.12979264329569462	-0.05373310798082519	0.10992650476708124	-0.5109138504221467	1.064086269209079	2.1466585131285703	-0.5839549815556246	1.4987343681287884	1.7046589346540677	0.21586741068235676	-0.852981222153283	0.00834393508367967	0.02524704888920685	1.4587372366874698	0.04996352968431067	-0.3548303787375386	-0.852981222153283	0.3017213496611871	0.20251090571778016	2.1125032845214777	0.3213606292963739	2.261596150226135	-0.13098318551739876	-0.20884728389445387	0.5456407141578957	0.672417056383293	-0.852981222153283	-0.12761429542462444	-0.852981222153283	-0.438934205023957	0.53972072673263	-0.852981222153283	-0.13776293139660933	0.26513517546883364	-0.852981222153283	-0.17253220799222774	-0.7040327712783833	-0.852981222153283	-0.852981222153283	0.01683920771567415	-0.852981222153283	-0.09466810961517264	0.38301159567239096	-0.852981222153283	-0.852981222153283	0.5140709195627224	-0.4588609170448358	0.9087019809802748	1.4182024349385622	0.3883922168114752	-0.5002345520802173	-0.852981222153283	0.4891713254817214	-0.2665386366123309	0.12979264329569462	-0.852981222153283	0.4250958192297054	0.4319038143763608	0.5322599014560716	0.7344017029209826	0.6506644326649235	-0.6513077237621323	0.00263094194337638	0.7033894801811744	1.0849261111816286	-0.0979035779621622	0.40607590918789865	2.363455813800691	-0.0786802277495199	3.083189616612016	-0.2908064018220849	1.1437251992418382	-0.852981222153283	-0.05989883301955422	2
0	0.06684976914122123	-0.6298249720857242	0.14927467756264287	1.7467288829680014	0.8291537035984514	0.4186722834520115	-0.6233250868093062	0.5309689502517855	-0.3184839599641383	2.800878621792149	2.052340037716564	0.33224412458907177	-0.6363766498225893	-0.423186406742025	0.01191759613388751	-0.8198522410358683	0.260332354530032	-0.41309755371774426	-0.5200312941460081	0.02379117727580618	-0.327470182803631	1.2568806671279955	-0.27074209090486184	-0.6978166812960834	0.7000049882288439	0.44026384023209314	-0.24174352659016604	-0.8198522410358683	-0.2964389074275144	-0.21767650486391496	-0.1034476463470639	1.7849790915068289	-0.8198522410358683	1.4644688177655725	1.3177205797639202	-0.8198522410358683	-0.8198522410358683	0.01490210469407065	0.212554447198278	1.516927343493882	1.5553300854169838	0.1077652351371829	-0.5490884240225765	0.1983776959073504	0.5773476643616986	2.0708790285200025	0.5892858952161167	-0.6837611047464507	-0.3644306166378736	-0.8198522410358683	1.2274164616291228	0.675027219592484	-0.4648272642323863	-0.4489637907240103	0.4885428505350699	-0.8198522410358683	0.844502465128754	-0.8198522410358683	-0.4919660711689623	0.7987180938048183	-0.6429809520406126	0.14419916017718565	-0.1138338628340151	-0.8198522410358683	-0.4489637907240103	-0.8198522410358683	0.22879085189238263	-0.6168761815499921	-0.704935610663295	-0.8198522410358683	-0.6233250868093062	-0.8198522410358683	-0.8198522410358683	0.5116593065355485	1.0659714935400888	0.6269298130511239	0.3640251321276251	-0.6631182329477858	0.99042063619877	-0.16042151054046638	1.083213119118053	0.4313361607150034	0.48518680013878634	0.4902157528529003	0.33021642638369036	0.7766043859907571	-0.1173252957046922	-0.5610050268893674	-0.47018383826237714	0.526183886083947	0.6843180665313824	-0.8035699029205869	0.13909211763694898	2.1327725796991883	-0.5490884240225765	2.695184569241855	-0.8198522410358683	1.256222618909139	0.06684976914122123	-0.01235667469556304	2
1	-0.820996867522621	0.11496305287898094	0.2722731318311453	0.8914000342264737	1.4257405503828755	-0.820996867522621	-0.820996867522621	1.0694143823026188	-0.12056881926564426	2.9889709875025807	0.8050108683543453	0.8472407447618802	-0.4026760251841457	-0.820996867522621	0.18680277344604548	-0.30172797734911183	-0.7432503818998047	-0.7734657135890274	0.18442803904722344	0.43440987557208954	0.32798240718104316	1.6690599440585745	0.14795158846677	0.45344133814610793	0.42914147820667914	-0.820996867522621	-0.13100462074443325	0.38386233692562965	-0.2596712052804656	-0.820996867522621	-0.820996867522621	0.4853029280931519	0.4004538381835291	-0.7582181539529774	1.9542455201748912	-0.820996867522621	-0.6389740559017456	-0.09672559853436571	0.0012152626786587	1.6736707185948387	1.3386988945452736	-0.8128801767745147	-0.17045374750965098	-0.820996867522621	0.4983547375746275	2.1794880745680594	0.6419368056147217	2.120082322113585	0.06145399235523111	-0.7213014158409813	0.4040954544542991	2.763545516105735	-0.10008939996046572	-0.820996867522621	0.9594561231220584	-0.5122984371001994	0.651382808321908	-0.2080512172725046	0.06421447109756555	1.0399568736796847	0.5872075883245933	0.2658416607491142	-0.6722734014341909	-0.09003932593576514	-0.820996867522621	-0.820996867522621	0.4202844890224244	-0.820996867522621	0.5048031560558154	-0.427471876243672	-0.820996867522621	-0.820996867522621	-0.49570693584229913	0.43440987557208954	1.4687230732782768	-0.09003932593576514	0.19623317547066113	-0.820996867522621	0.19623317547066113	0.0275783693774949	0.5666297589951815	-0.24746568045799192	0.3763786083804947	0.3894304178619704	-0.6007301448681664	1.5421592678159852	1.3282333394317871	-0.820996867522621	0.12012585928967053	0.981234164723808	0.9072397686180276	0.5576492570251796	0.27653277957797845	2.133274858014781	0.5332063589130506	2.465619022013449	-0.820996867522621	0.5591528900590146	0.23290095258884777	-0.820996867522621	1
1	-0.7976959188138776	0.2331275631938559	0.22853078511443983	-0.27975946926950396	0.8274581674820576	0.05157182093573806	-0.7275793704530088	1.4396429548116123	0.29489588883653894	2.7631543986155904	-0.42552245853534737	0.7214900146856057	-0.13429263866030491	-0.7976959188138776	-0.7976959188138776	-0.7976959188138776	-0.7976959188138776	-0.7502867295152723	0.41330699688159817	0.9981224070563344	-0.02654834670479216	1.2395395683171124	0.15626785677496474	-0.1415249312214248	-0.7976959188138776	-0.22563640908286636	-0.23781061460722472	0.2192585758672941	1.5046078232955094	0.02537045844458908	-0.7976959188138776	-0.44638584668117515	-0.14516532904330398	-0.01714214303105882	1.7719646287009676	-0.7976959188138776	-0.4411196305238054	-0.47871967314871505	0.3075432039449381	1.9352672703963505	1.7157807282218402	-0.7976959188138776	-0.7054885775805341	0.5774126086540479	0.9073101935440936	1.8402486853685216	1.0079091878381523	-0.7976959188138776	-0.4411196305238054	-0.4897896065765215	0.6546866137141848	2.242211921158663	-0.00784344118160094	-0.7976959188138776	1.2048829678797237	-0.5595718561355184	0.6972389275851864	-0.7976959188138776	0.3075432039449381	1.0070243290713898	0.8062075800620127	0.42243871513768455	-0.6032251822786696	0.18107549663137792	-0.7976959188138776	-0.7976959188138776	-0.6982562850194143	-0.7976959188138776	0.5068906466853188	-0.765784865832517	-0.7976959188138776	-0.23373227245476905	-0.4570216524566138	0.01943154480711026	1.531998917390853	0.8818981480721494	-0.7976959188138776	-0.7896000554419756	0.16378989083634474	-0.7976959188138776	0.6169666506996552	-0.21762030920848985	0.4096254179491397	0.793646063025823	-0.00170282670703301	1.055151496291984	0.6436914794182025	0.01943154480711026	-0.7976959188138776	1.1873396501176945	1.021937596665793	-0.380448485063696	0.07138286189655114	2.253578040838073	0.09616531243527748	1.38865719155551	-0.7976959188138776	1.0958413525508734	0.2445071550672061	-0.7976959188138776	1
1	-0.8808801866866204	0.9938199400646712	1.5285845650496397	1.091101920067192	0.6658000539447088	0.7334901418735725	-0.8808801866866204	2.431399247475969	-0.25798131007918085	2.282696222661819	-0.8808801866866204	1.123424655966471	-0.8808801866866204	-0.8808801866866204	-0.8808801866866204	0.38845070597583015	-0.8808801866866204	-0.15285582645160684	0.28798068137918653	1.4492460163234495	0.724992010384888	0.6688705263665092	1.8913153646122176	1.429770229458814	-0.8808801866866204	0.7887359344277183	-0.8808801866866204	-0.8808801866866204	1.0677600193832333	-0.8808801866866204	0.0814031641202217	-0.5150709848998034	-0.8808801866866204	0.6979356193518244	2.1786080389933757	-0.8808801866866204	1.4878318257839636	-0.8808801866866204	0.7259409034370525	0.739103775833384	1.3229080139808993	-0.8808801866866204	0.3957732478744014	-0.8808801866866204	1.9755458497339191	2.0450023674143303	1.3276884634181425	-0.8808801866866204	0.8017333482223041	-0.8808801866866204	-0.8808801866866204	1.952846473403236	-0.8808801866866204	-0.07910420338366338	1.1379814688204888	-0.3183272947918764	-0.03956912323365626	-0.8808801866866204	-0.03700441691762336	0.6418429079751069	-0.8808801866866204	1.1312972018857337	-0.30369582711269005	0.7904816825156225	-0.8808801866866204	-0.8808801866866204	-0.21161463462228677	-0.8808801866866204	0.5485880043980788	-0.47782107671471935	0.04775710691239155	-0.8808801866866204	-0.8808801866866204	-0.8808801866866204	0.7575250142621986	-0.8808801866866204	0.7511277116138353	-0.8808801866866204	0.1625530475677579	-0.8808801866866204	0.973479947717663	-0.48696557552487146	-0.02179344802042353	1.6424522231653556	-0.8808801866866204	0.6471149178816756	-0.18632415833979968	0.3795705050136708	-0.8808801866866204	0.3630186067773095	1.122859231702409	-0.8808801866866204	-0.6279324853235894	1.6004901391965656	-0.01429944879345112	-0.8808801866866204	-0.606140134986944	0.24308847057684857	0.7344286011571283	-0.8808801866866204	1
0	0.15489965815995574	-0.1715989304565334	0.8233560385385281	1.2731042158767938	0.8620361091905911	0.18427411914835773	-0.8161637758935552	1.1515167604410992	-0.8161637758935552	2.738187039793957	1.5283470441602116	-0.8161637758935552	-0.8161637758935552	-0.8161637758935552	0.8021789539352607	-0.8161637758935552	-0.22932887703902344	-0.426841758739952	0.1423417889668084	-0.4738675708761261	-0.03503201425603095	1.1222770116898175	0.5347548482221988	0.3857067550945764	-0.6469294421169839	-0.15686878042156693	0.3313160733327319	0.43493574595070145	0.09008750594985591	-0.7762777576919022	-0.5237644852301732	1.4084985267472223	-0.564794662063827	0.8189430658299379	1.4917753968538288	-0.8161637758935552	-0.8161637758935552	-0.5352787771136293	-0.26603085534753546	1.4084985267472223	1.072716310052465	-0.8161637758935552	-0.35867719261394165	-0.8161637758935552	0.23778547290913055	1.8961546299435896	0.3353234402254708	0.00784304277508306	-0.15686878042156693	-0.8161637758935552	0.44022703438508753	2.719793823371464	-0.564794662063827	-0.21745213726263377	0.9333429003605432	-0.6207671707589076	1.0421442334071032	-0.8161637758935552	0.4995536635242108	1.5047863008100908	0.3931896559360637	-0.06383151246669337	-0.5124101192452306	-0.8161637758935552	-0.20574547598711945	0.7240369064429231	-0.2373436589722199	-0.6671156827659337	0.4489704461699125	0.38758391139380827	-0.7235174386271489	0.4024479792289144	-0.8161637758935552	0.6293006629446902	1.725862191659578	-0.8161637758935552	-0.40677937252789115	-0.10730807878421356	0.43493574595070145	-0.8161637758935552	0.7592952111248014	-0.6079934544802615	0.4627682624686389	0.30891737880531306	-0.38237453905722424	1.207722096020465	0.3511593099029345	-0.8161637758935552	-0.8161637758935552	0.853597312097931	0.4593405794213684	0.23326888015451017	0.2009341089994151	1.7671193759987642	0.43316434502116186	2.070956748291817	0.6095328311809908	1.1924542272881735	-0.30884174682709636	-0.4217798155754449	2
0	-0.3523376126148057	-0.27429260888868845	0.09679466057195012	1.0333463837050751	1.0545578836263758	0.39429623108898654	-0.8550499090570529	1.4179661628957754	-0.8550499090570529	3.068491899714984	1.1267305740373112	0.5035222014489237	0.5750915818232167	-0.8550499090570529	-0.8550499090570529	-0.8550499090570529	-0.8550499090570529	-0.5692279569626282	-0.09281517872598943	1.0142220942029845	-0.18416686642246735	1.4048741687880977	0.4618783739147064	0.8809907782950279	-0.4692835136193728	0.4053389147745844	-0.6178181150772484	0.22427070161881485	2.217767064143239	-0.7033820837237871	-0.26605620541109415	1.0604014497412533	-0.8550499090570529	1.3689201075514643	1.7962683259343544	-0.8550499090570529	-0.8550499090570529	-0.3660878422930776	-0.4692835136193728	1.3343393432162287	1.7349899326026723	-0.6828410411875455	-0.7682359477553636	-0.8550499090570529	1.871108334079289	1.8098946741046549	1.0478288685290655	-0.8550499090570529	-0.23390263942263628	-0.8550499090570529	0.7836554201448144	1.6065100969279529	-0.8550499090570529	-0.8550499090570529	0.7625050446991686	-0.6896318540455152	0.7684342925769999	-0.8550499090570529	0.3085006405683406	1.3349375956371807	0.2576836249606849	-0.19915591979279904	0.05049207416826435	-0.8550499090570529	-0.8550499090570529	-0.5992626255668773	0.2813606941733844	-0.8550499090570529	-0.8550499090570529	-0.6828410411875455	-0.8550499090570529	-0.5871183229423387	-0.8550499090570529	0.4601684659016063	1.689787064974957	0.8299136661638912	-0.34780425013942684	-0.4640680109208753	-0.5633489928793832	-0.37072222729034665	0.5839886715046145	-0.16944312000877004	0.45156580438077754	0.6015023700767214	-0.02879360086236808	1.2605414290814911	0.3736625475419595	-0.7315837660069459	-0.5289218749524518	1.0142220942029845	1.144212267147803	-0.4136362094694344	-0.7987667121632914	1.9608864571776483	0.6043858043518063	1.7739909791171005	-0.8550499090570529	0.9291123350175792	-0.4692835136193728	-0.8550499090570529	1
1	-0.13227769167655834	-0.26255431895364684	-0.7915186157126697	1.14523527777318	0.616729655390292	0.37570873321972315	-0.7915186157126697	1.0144981162986624	-0.7915186157126697	2.4608448099087035	1.4975630956342427	0.492422839871309	0.13596076228774234	-0.7516358687238887	-0.7915186157126697	-0.7915186157126697	-0.05902565178326869	-0.7062111739818263	-0.1889355247750364	1.0099992928211647	-0.09657620271770474	1.353975156907754	-0.07588056155032721	-0.216782690275886	-0.5106566534419007	-0.7136088187013144	-0.7915186157126697	-0.33406955274888184	-0.02312456957167156	-0.5584036058894533	0.2418217568555948	1.261241637470322	-0.7915186157126697	1.2565838803522549	2.2204159730018875	-0.3625875900937614	-0.7915186157126697	-0.471050020004995	-0.3971670004103228	1.2645524324480917	0.8300715471808274	-0.5048797095212529	0.0816262036854835	0.1200362165459618	0.15415559656318917	1.751756621962875	0.3717787537145847	0.092785887761927	-0.6916137474572167	-0.7915186157126697	0.5059065957024669	2.082347613739034	-0.24561207181137257	-0.7915186157126697	0.5434776154970031	-0.7915186157126697	0.7104103755855681	-0.7915186157126697	-0.5833653671852057	0.7335105233175389	0.33758833149687606	-0.5645729496076466	-0.7915186157126697	-0.5961380358399728	-0.7915186157126697	0.05594553162677398	-0.11423205458670808	-0.6222981615248863	0.39508011751157407	-0.7915186157126697	-0.7673562409562117	-0.7915186157126697	-0.7915186157126697	0.6580014157337785	1.6441105787498116	0.5530012280274675	-0.6988798767452331	-0.02312456957167156	-0.35776495567741384	-0.7915186157126697	0.5466644973602808	0.16183109110267258	0.00819857917922059	0.45770704277499547	0.6703974535566906	0.7669810401912862	0.10924484975541345	-0.1286365535289837	-0.7753312716524208	0.603485607870786	1.1004439228272669	-0.34346545116885174	0.35586712407320975	1.7477415320472447	0.15672211095586325	2.138226190735477	-0.7915186157126697	1.4045068368675404	-0.3971670004103228	-0.7915186157126697	1
